integer,都道府県コード,都道府県名,2次医療圏,病院名称,住所,災害拠点病院,救命救急センター,DMAT指定医療機関,被ばく医療機関,fX(JGD2000),fY(JGD2000)
1,1,北海道,南渡島,市立函館病院,北海道函館市港町１丁目１０－１,災害拠点病院,救命救急,DMAT,NA,140.7285,41.8049
2,1,北海道,北渡島檜山,八雲総合病院,北海道二海郡八雲町東雲町５０,災害拠点病院,NA,DMAT,NA,140.278,42.25312
3,1,北海道,南檜山,北海道立江差病院,北海道檜山郡江差町字伏木戸町４８４,災害拠点病院,NA,DMAT,NA,140.146,41.91342
4,1,北海道,十勝,帯広厚生病院,北海道帯広市西６条南８丁目１,災害拠点病院,救命救急,DMAT,NA,143.1956,42.92272
5,1,北海道,上川中部,旭川医科大学病院,北海道旭川市緑が丘東２条１丁目１－１,災害拠点病院,救命救急,DMAT,被ばく,142.3863,43.72605
6,1,北海道,上川中部,旭川赤十字病院,北海道旭川市曙１条１丁目１番１号,災害拠点病院,救命救急,DMAT,NA,142.3486,43.77018
7,1,北海道,富良野,富良野協会病院,北海道富良野市住吉町１－３０,災害拠点病院,NA,DMAT,NA,142.3926,43.3456
8,1,北海道,上川北部,名寄市立総合病院,北海道名寄市西７条南８丁目１,災害拠点病院,NA,DMAT,NA,142.4513,44.34839
9,1,北海道,北空知,深川市立病院,北海道深川市６条６番１号,災害拠点病院,NA,DMAT,NA,142.0404,43.7161
10,1,北海道,留萌,留萌市立病院,北海道留萌市東雲町２丁目１６－１,災害拠点病院,NA,DMAT,NA,141.678,43.93073
11,1,北海道,宗谷,市立稚内病院,北海道稚内市中央４丁目１１－６,災害拠点病院,NA,DMAT,NA,141.6734,45.41347
12,1,北海道,釧路,市立釧路総合病院,北海道釧路市春湖台１－１２,災害拠点病院,救命救急,DMAT,NA,144.4078,42.9772
13,1,北海道,根室,市立根室病院,北海道根室市有磯町１丁目２番地,災害拠点病院,NA,DMAT,NA,145.5868,43.33402
14,1,北海道,根室,町立中標津病院,北海道標津郡中標津町西１０条南９丁目１－１,災害拠点病院,NA,DMAT,NA,144.9712,43.53709
15,1,北海道,北網,網走厚生病院,北海道網走市北６条西１丁目９,災害拠点病院,NA,DMAT,NA,144.2629,44.02567
16,1,北海道,北網,北見赤十字病院,北海道北見市北６条東２丁目１,災害拠点病院,救命救急,DMAT,NA,143.8936,43.80881
17,1,北海道,遠紋,遠軽厚生病院,北海道紋別郡遠軽町大通北３丁目１－５,災害拠点病院,NA,DMAT,NA,143.5243,44.06252
18,1,北海道,遠紋,広域紋別病院,北海道紋別市落石町１丁目３－３７,災害拠点病院,NA,DMAT,NA,143.3466,44.36126
19,1,北海道,西胆振,市立室蘭総合病院,北海道室蘭市山手町３丁目８－１,災害拠点病院,NA,DMAT,NA,140.9757,42.3144
20,1,北海道,西胆振,製鉄記念室蘭病院,北海道室蘭市知利別町１丁目４５,NA,NA,DMAT,NA,141.0167,42.35768
21,1,北海道,西胆振,総合病院 伊達赤十字病院,北海道伊達市末永町８１番地,災害拠点病院,NA,DMAT,被ばく,140.8679,42.47419
22,1,北海道,西胆振,日鋼記念病院,北海道室蘭市新富町１丁目５－１３,災害拠点病院,NA,DMAT,NA,140.9849,42.31572
23,1,北海道,東胆振,王子総合病院,北海道苫小牧市若草町３丁目４－８,災害拠点病院,NA,DMAT,NA,141.6039,42.63667
24,1,北海道,東胆振,苫小牧市立病院,北海道苫小牧市清水町１丁目５－２０,災害拠点病院,NA,DMAT,NA,141.6036,42.65313
25,1,北海道,日高,総合病院浦河赤十字病院,北海道浦河郡浦河町東町ちのみ１丁目２－１,災害拠点病院,NA,DMAT,NA,142.7883,42.15971
26,1,北海道,札幌,国立病院機構北海道がんセンター,北海道札幌市白石区菊水４条２丁目３－５４,NA,NA,NA,被ばく,141.3751,43.05842
27,1,北海道,札幌,国立病院機構北海道医療センター,北海道札幌市西区山の手５条７丁目１－１,災害拠点病院,救命救急,DMAT,被ばく,141.2907,43.06951
28,1,北海道,札幌,札幌医科大学附属病院,北海道札幌市中央区南１条西１６丁目２９１,災害拠点病院,救命救急,DMAT,被ばく,141.3333,43.05523
29,1,北海道,札幌,市立札幌病院,北海道札幌市中央区北１１条西１３丁目１－１,災害拠点病院,救命救急,DMAT,NA,141.3352,43.07142
30,1,北海道,札幌,手稲渓仁会病院,北海道札幌市手稲区前田１条１２丁目１－４０,災害拠点病院,救命救急,DMAT,NA,141.2429,43.12186
31,1,北海道,札幌,北海道大学病院,北海道札幌市北区北１４条西５丁目,災害拠点病院,NA,DMAT,被ばく,141.3458,43.07758
32,1,北海道,後志,岩内協会病院,北海道岩内郡岩内町字高台２０９－２,NA,NA,NA,被ばく,140.5176,42.97828
33,1,北海道,後志,小樽市立病院,北海道小樽市若松１丁目１－１,災害拠点病院,NA,DMAT,被ばく,141.0077,43.1857
34,1,北海道,後志,倶知安厚生病院,北海道虻田郡倶知安町北４条東１丁目２,災害拠点病院,NA,DMAT,被ばく,140.7541,42.90439
35,1,北海道,後志,黒松内町国保病院,北海道寿都郡黒松内町字黒松内５８６－１,NA,NA,NA,被ばく,140.3086,42.67075
36,1,北海道,後志,余市協会病院,北海道余市郡余市町黒川町１９丁目１－１,NA,NA,NA,被ばく,140.8135,43.18852
37,1,北海道,南空知,岩見沢市立総合病院,北海道岩見沢市９条西７丁目２,災害拠点病院,NA,DMAT,NA,141.7656,43.1953
38,1,北海道,中空知,砂川市立病院,北海道砂川市西４条北３丁目１－１,災害拠点病院,救命救急,DMAT,NA,141.9051,43.49444
39,2,青森県,青森地域,青森県立中央病院,青森県青森市東造道二丁目１－１,災害拠点病院,救命救急,DMAT,被ばく,140.7942,40.82985
40,2,青森県,青森地域,青森市民病院,青森県青森市勝田一丁目１４番２０号,災害拠点病院,NA,DMAT,NA,140.7548,40.81559
41,2,青森県,津軽地域,黒石病院,青森県黒石市北美町１丁目７０,災害拠点病院,NA,DMAT,NA,140.6012,40.65594
42,2,青森県,津軽地域,弘前市立病院,青森県弘前市大町三丁目８番地１,災害拠点病院,NA,DMAT,NA,140.4786,40.5971
43,2,青森県,津軽地域,弘前大学医学部附属病院,青森県弘前市本町５３番地,NA,NA,DMAT,NA,140.4665,40.60049
44,2,青森県,八戸地域,八戸市立市民病院,青森県八戸市田向毘沙門平１,災害拠点病院,救命救急,DMAT,被ばく,141.5131,40.49318
45,2,青森県,八戸地域,八戸赤十字病院,青森県八戸市田面木中明戸２,NA,NA,DMAT,NA,141.45,40.50092
46,2,青森県,西北五地域,つがる西北五広域連合つがる総合病院,青森県五所川原市岩木町１２番地３,災害拠点病院,NA,DMAT,NA,140.44,40.80798
47,2,青森県,上十三地域,十和田市立中央病院,青森県十和田市西十二番町１４番８号,災害拠点病院,NA,DMAT,NA,141.2032,40.61181
48,2,青森県,下北地域,むつ総合病院,青森県むつ市小川町一丁目２番８号,災害拠点病院,NA,DMAT,NA,141.2008,41.29319
49,3,岩手県,盛岡,岩手医科大学附属病院,岩手県盛岡市内丸１９－１,災害拠点病院,救命救急,DMAT,NA,141.1517,39.70515
50,3,岩手県,盛岡,岩手県立中央病院,岩手県盛岡市上田一丁目４番１号,災害拠点病院,NA,DMAT,NA,141.1464,39.71283
51,3,岩手県,盛岡,盛岡赤十字病院,岩手県盛岡市三本柳6地割1-1,災害拠点病院,NA,DMAT,NA,141.1664,39.66133
52,3,岩手県,岩手中部,県立中部病院,岩手県北上市村崎野17地割10番地,災害拠点病院,NA,DMAT,NA,141.105,39.33037
53,3,岩手県,胆江,県立胆沢病院,岩手県奥州市水沢区字龍ケ馬場６１番地,災害拠点病院,NA,DMAT,NA,141.1357,39.12353
54,3,岩手県,両磐,県立磐井病院,岩手県一関市狐禅寺字大平17,災害拠点病院,NA,DMAT,NA,141.1731,38.93546
55,3,岩手県,気仙,岩手県立大船渡病院,岩手県大船渡市大船渡町字山馬越10-1,災害拠点病院,救命救急,DMAT,NA,141.7076,39.07263
56,3,岩手県,釜石,県立釜石病院,岩手県釜石市甲子町第１０地割４８３番６,災害拠点病院,NA,DMAT,NA,141.8132,39.25564
57,3,岩手県,宮古,県立宮古病院,岩手県宮古市崎鍬ケ崎第1地割11番地26,災害拠点病院,NA,DMAT,NA,141.9479,39.65819
58,3,岩手県,久慈,県立久慈病院,岩手県久慈市旭町１０地割１番,災害拠点病院,救命救急,DMAT,NA,141.7774,40.20024
59,3,岩手県,二戸,県立二戸病院,岩手県二戸市堀野字大川原毛３８－２,災害拠点病院,NA,DMAT,NA,141.3066,40.30067
60,4,宮城県,仙南,公立刈田綜合病院,宮城県白石市福岡蔵本字下原沖３６,災害拠点病院,NA,DMAT,NA,140.6107,38.01168
61,4,宮城県,仙南,みやぎ県南中核病院,宮城県柴田郡大河原町字西38-1,災害拠点病院,救命救急,DMAT,NA,140.7329,38.06208
62,4,宮城県,仙台,東北大学病院,宮城県仙台市青葉区星陵町１－１,災害拠点病院,救命救急,DMAT,被ばく,140.8608,38.27222
63,4,宮城県,仙台,東北労災病院,宮城県仙台市青葉区台原４－３－２,災害拠点病院,NA,DMAT,NA,140.875,38.28431
64,4,宮城県,仙台,仙台医療センター,宮城県仙台市宮城野区宮城野２－８－８,災害拠点病院,救命救急,DMAT,被ばく,140.9083,38.26123
65,4,宮城県,仙台,仙台オープン病院,宮城県仙台市宮城野区鶴ヶ谷５－２２－１,災害拠点病院,NA,DMAT,NA,140.918,38.29485
66,4,宮城県,仙台,東北薬科大学病院,宮城県仙台市宮城野区福室１－１２－１,災害拠点病院,NA,DMAT,NA,140.967,38.26868
67,4,宮城県,仙台,仙台市立病院,宮城県仙台市太白区あすと長町一丁目１－１,災害拠点病院,救命救急,DMAT,NA,140.8883,38.232
68,4,宮城県,仙台,仙台赤十字病院,宮城県仙台市太白区八木山本町２－４３－３,災害拠点病院,NA,DMAT,NA,140.8398,38.23713
69,4,宮城県,仙台,坂総合病院,宮城県塩竃市錦町１６－５,災害拠点病院,NA,DMAT,NA,141.0155,38.30646
70,4,宮城県,仙台,総合南東北病院,宮城県岩沼市里の杜１－２－５,NA,NA,DMAT,NA,140.8769,38.10816
71,4,宮城県,大崎,大崎市民病院,宮城県大崎市古川穂波三丁目８－１,災害拠点病院,救命救急,DMAT,NA,140.9447,38.56597
72,4,宮城県,栗原,栗原市立栗原中央病院,宮城県栗原市築館宮野中央３－１－１,災害拠点病院,NA,DMAT,NA,141.0203,38.74658
73,4,宮城県,登米,登米市立登米市民病院,宮城県登米市迫町佐沼字下田中２５,災害拠点病院,NA,DMAT,NA,141.1924,38.68715
74,4,宮城県,石巻,石巻赤十字病院,宮城県石巻市蛇田字西道下７１,災害拠点病院,救命救急,DMAT,被ばく,141.2797,38.45912
75,4,宮城県,気仙沼,気仙沼市立病院,宮城県気仙沼市田中１８４,災害拠点病院,NA,DMAT,NA,141.5623,38.89554
76,5,秋田県,大館・鹿角,大館市立総合病院,秋田県大館市豊町３番１号,災害拠点病院,NA,DMAT,NA,140.5552,40.27321
77,5,秋田県,大館・鹿角,かづの厚生病院,秋田県鹿角市花輪向畑１８番地,災害拠点病院,NA,DMAT,NA,140.7853,40.219
78,5,秋田県,北秋田,北秋田市民病院,秋田県北秋田市下杉上清水沢１６－２９,災害拠点病院,NA,DMAT,NA,140.3564,40.16675
79,5,秋田県,能代・山本,能代厚生医療センター,秋田県能代市落合上前田地内,災害拠点病院,NA,DMAT,NA,140.0232,40.22669
80,5,秋田県,秋田市,秋田厚生医療センター,秋田県秋田市飯島西袋１－１－１,災害拠点病院,NA,DMAT,NA,140.0926,39.76707
81,5,秋田県,秋田市,秋田赤十字病院,秋田県秋田市上北手猿田字苗代沢２２２－１,災害拠点病院,救命救急,DMAT,NA,140.1552,39.68518
82,5,秋田県,秋田市,秋田大学医学部附属病院,秋田県秋田市広面蓮沼４４番２,災害拠点病院,NA,DMAT,NA,140.1496,39.73101
83,5,秋田県,秋田市,秋田脳研センター,秋田県秋田市千秋久保田町６番１０号,災害拠点病院,NA,DMAT,NA,140.1266,39.71996
84,5,秋田県,秋田市,市立秋田総合病院,秋田県秋田市川元松丘町４番３０号,NA,NA,DMAT,NA,140.1031,39.71244
85,5,秋田県,由利本荘・にかほ,由利組合総合病院,秋田県由利本荘市川口家後３８,災害拠点病院,NA,DMAT,NA,140.0609,39.40528
86,5,秋田県,大仙・仙北,大曲厚生医療センター,秋田県大仙市大曲通町８－６５,災害拠点病院,NA,DMAT,NA,140.4769,39.46512
87,5,秋田県,大仙・仙北,市立角館総合病院,秋田県仙北市角館町上野１８番地,災害拠点病院,NA,DMAT,NA,140.5682,39.58632
88,5,秋田県,横手,平鹿総合病院,秋田県横手市前郷八ツ口３番１,災害拠点病院,NA,DMAT,NA,140.5493,39.31133
89,5,秋田県,湯沢・雄勝,雄勝中央病院,秋田県湯沢市山田字勇ヶ岡２５,災害拠点病院,NA,DMAT,NA,140.4546,39.14564
90,6,山形県,置賜,公立置賜総合病院,山形県東置賜郡川西町大字西大塚2000,災害拠点病院,救命救急,DMAT,NA,140.0568,38.05105
91,6,山形県,庄内,日本海総合病院,山形県酒田市あきほ町３０,災害拠点病院,NA,DMAT,NA,139.8543,38.89049
92,6,山形県,庄内,鶴岡市立荘内病院,山形県鶴岡市泉町４番２０号,災害拠点病院,NA,DMAT,NA,139.83,38.73186
93,6,山形県,村山,国立大学法人山形大学医学部附属病院,山形県山形市飯田西二丁目２番２号,NA,NA,DMAT,NA,140.3174,38.2152
94,6,山形県,村山,社会福祉法人恩賜財団済生会山形済生病院,山形県山形市沖町７９番地の１,災害拠点病院,NA,DMAT,NA,140.3353,38.28591
95,6,山形県,村山,山形市立病院済生館,山形県山形市七日町一丁目３番２６号,災害拠点病院,NA,DMAT,NA,140.3375,38.25326
96,6,山形県,村山,山形県立中央病院,山形県山形市大字青柳１８００,災害拠点病院,救命救急,DMAT,NA,140.3467,38.30104
97,6,山形県,最上,山形県立新庄病院,山形県新庄市若葉町１２－５５,災害拠点病院,NA,DMAT,NA,140.3026,38.75751
98,7,福島県,県北,県立医大病院,福島県福島市光が丘１,災害拠点病院,救命救急,DMAT,被ばく,140.4727,37.68994
99,7,福島県,県北,福島赤十字病院,福島県福島市入江町１１－３１,災害拠点病院,NA,DMAT,NA,140.4808,37.76983
100,7,福島県,県中,太田西ノ内病院,福島県郡山市西ノ内二丁目５番２０号,災害拠点病院,救命救急,DMAT,NA,140.3659,37.40636
101,7,福島県,県南,ＪＡ福島厚生連 白河厚生総合病院,福島県白河市豊地上弥次郎２番地１,災害拠点病院,NA,DMAT,NA,140.2159,37.14543
102,7,福島県,会津,会津中央病院,福島県会津若松市鶴賀町１－１,災害拠点病院,救命救急,DMAT,NA,139.947,37.52053
103,7,福島県,南会津,福島県立南会津病院,福島県南会津郡南会津町永田字風下１４－１,災害拠点病院,NA,DMAT,NA,139.7606,37.20608
104,7,福島県,相双,南相馬市立総合病院,福島県南相馬市原町区高見町２－５４－６,災害拠点病院,NA,DMAT,NA,140.9851,37.63741
105,7,福島県,いわき,総合磐城共立病院,福島県いわき市内郷御厩町久世原１６,災害拠点病院,救命救急,DMAT,NA,140.8681,37.04194
106,8,茨城県,水戸,茨城県立中央病院,茨城県笠間市鯉淵６５２８,災害拠点病院,NA,DMAT,被ばく,140.3211,36.35111
107,8,茨城県,水戸,水戸医療センター,茨城県東茨城郡茨城町桜の郷２８０番地,災害拠点病院,救命救急,DMAT,被ばく,140.4098,36.32496
108,8,茨城県,水戸,水戸協同病院,茨城県水戸市宮町３－２－７,NA,NA,DMAT,NA,140.4714,36.37317
109,8,茨城県,水戸,水戸済生会総合病院,茨城県水戸市双葉台３－３－１０,災害拠点病院,救命救急,DMAT,NA,140.3946,36.39888
110,8,茨城県,水戸,水戸赤十字病院,茨城県水戸市三の丸３－１２－４８,災害拠点病院,NA,DMAT,NA,140.4859,36.37239
111,8,茨城県,日立,日製日立総合病院,茨城県日立市城南町二丁目一番一号,災害拠点病院,救命救急,DMAT,NA,140.6451,36.5898
112,8,茨城県,常陸太田・ひたちなか,日製ひたちなか総合病院,茨城県ひたちなか市石川町２０番１,災害拠点病院,NA,DMAT,NA,140.5294,36.39202
113,8,茨城県,鹿行,鹿島労災病院,茨城県神栖市土合本町１－９１０８－２,災害拠点病院,NA,DMAT,NA,140.7849,35.78864
114,8,茨城県,鹿行,なめがた地域総合病院,茨城県行方市井上藤井９８－８,災害拠点病院,NA,DMAT,NA,140.4571,36.06973
115,8,茨城県,土浦,土浦協同病院,茨城県土浦市真鍋新町１１番７号,災害拠点病院,救命救急,DMAT,NA,140.2095,36.08982
116,8,茨城県,つくば,筑波大学附属病院,茨城県つくば市天久保２－１－１,災害拠点病院,NA,DMAT,NA,140.1041,36.09821
117,8,茨城県,つくば,筑波メディカルセンター病院,茨城県つくば市天久保１－３－１,災害拠点病院,救命救急,DMAT,NA,140.1069,36.09095
118,8,茨城県,取手・竜ヶ崎,ＪＡとりで総合医療センター,茨城県取手市本郷２丁目１番１号,災害拠点病院,NA,DMAT,NA,140.0688,35.911
119,8,茨城県,取手・竜ヶ崎,東京医科大学茨城医療センター,茨城県稲敷郡阿見町中央３－２０－１,NA,NA,DMAT,NA,140.2167,36.0363
120,8,茨城県,取手・竜ヶ崎,取手北相馬保健医療センター医師会病院,茨城県取手市野々井１９２６,NA,NA,DMAT,NA,140.0258,35.91787
121,8,茨城県,筑西・下妻,県西総合病院,茨城県桜川市鍬田６０４,災害拠点病院,NA,DMAT,NA,140.1011,36.36181
122,8,茨城県,古河・坂東,茨城西南医療センター病院,茨城県猿島郡境町２１９０,災害拠点病院,救命救急,DMAT,NA,139.7963,36.11915
123,8,茨城県,古河・坂東,古河赤十字病院,茨城県古河市下山町１１５０,災害拠点病院,NA,DMAT,NA,139.7232,36.18795
124,9,栃木県,県東・央,ＮＨＯ栃木医療センター,栃木県宇都宮市中戸祭１－１０－３７,災害拠点病院,NA,DMAT,NA,139.8681,36.5786
125,9,栃木県,県東・央,済生会宇都宮病院,栃木県宇都宮市竹林町９１１－１,災害拠点病院,救命救急,DMAT,NA,139.8974,36.5791
126,9,栃木県,県東・央,ＪＣＨＯ うつのみや病院,栃木県宇都宮市南高砂町１１－１７,災害拠点病院,NA,DMAT,NA,139.8699,36.48193
127,9,栃木県,県東・央,栃木県立がんセンター,栃木県宇都宮市陽南４－９－１３,NA,NA,DMAT,NA,139.8692,36.53384
128,9,栃木県,県東・央,芳賀赤十字病院,栃木県真岡市台町２４６１,災害拠点病院,NA,DMAT,NA,140.0065,36.43715
129,9,栃木県,県西,上都賀総合病院,栃木県鹿沼市下田町１－１０３３,災害拠点病院,NA,DMAT,NA,139.7507,36.56163
130,9,栃木県,県西,獨協医科大学日光医療センター,栃木県日光市高徳６３２,NA,NA,DMAT,NA,139.7055,36.78479
131,9,栃木県,県南,自治医科大学附属病院,栃木県下野市薬師寺３３１１－１,災害拠点病院,救命救急,DMAT,NA,139.8624,36.3988
132,9,栃木県,県南,獨協医科大学病院,栃木県下都賀郡壬生町北小林８８０,災害拠点病院,救命救急,DMAT,NA,139.8266,36.46992
133,9,栃木県,県北,那須赤十字病院,栃木県大田原市中田原１０８１－４,災害拠点病院,救命救急,DMAT,NA,140.0374,36.88056
134,9,栃木県,両毛,足利赤十字病院,栃木県足利市五十部町２８４－１,災害拠点病院,救命救急,DMAT,NA,139.4247,36.33922
135,10,群馬県,前橋医療圏,群馬大学医学部附属病院,群馬県前橋市昭和町３-３９-１５,災害拠点病院,NA,DMAT,NA,139.0627,36.40783
136,10,群馬県,前橋医療圏,ＪＣＨＯ群馬中央病院,群馬県前橋市紅雲町１－７－１３,災害拠点病院,NA,DMAT,NA,139.0611,36.38556
137,10,群馬県,前橋医療圏,済生会前橋病院,群馬県前橋市上新田町５６４－１,災害拠点病院,NA,DMAT,NA,139.0621,36.36839
138,10,群馬県,前橋医療圏,前橋赤十字病院,群馬県前橋市朝日町３-２１-３６,災害拠点病院,救命救急,DMAT,NA,139.0864,36.38541
139,10,群馬県,高崎・安中医療圏,国立病院機構高崎総合医療センター,群馬県高崎市高松町３６,災害拠点病院,救命救急,DMAT,NA,139.0021,36.32247
140,10,群馬県,高崎・安中医療圏,日高病院,群馬県高崎市中尾町８８６,災害拠点病院,NA,DMAT,NA,139.0287,36.36414
141,10,群馬県,桐生医療圏,桐生厚生総合病院,群馬県桐生市織姫町６-３,災害拠点病院,NA,DMAT,NA,139.3275,36.40548
142,10,群馬県,太田・館林医療圏,太田記念病院,群馬県太田市大島町４５５－１,災害拠点病院,救命救急,DMAT,NA,139.3605,36.29877
143,10,群馬県,太田・館林医療圏,館林厚生病院,群馬県館林市成島町２６２－１,災害拠点病院,NA,DMAT,NA,139.5191,36.24871
144,10,群馬県,伊勢崎医療圏,伊勢崎佐波医師会病院,群馬県伊勢崎市下植木町４８１,災害拠点病院,NA,DMAT,NA,139.2093,36.31652
145,10,群馬県,伊勢崎医療圏,伊勢崎市民病院,群馬県伊勢崎市連取本町１2-1,災害拠点病院,NA,DMAT,NA,139.1783,36.32281
146,10,群馬県,沼田医療圏,独立行政法人国立病院機構沼田病院,群馬県沼田市上原町１５５１-４,災害拠点病院,NA,DMAT,NA,139.061,36.64601
147,10,群馬県,沼田医療圏,利根中央病院,群馬県沼田市東原新町１８５５－１,災害拠点病院,NA,DMAT,NA,139.0552,36.64926
148,10,群馬県,渋川医療圏,渋川総合病院,群馬県渋川市渋川１３８８-４,災害拠点病院,NA,DMAT,NA,139.01,36.49197
149,10,群馬県,藤岡医療圏,公立藤岡総合病院,群馬県藤岡市藤岡９４２-１,災害拠点病院,NA,DMAT,NA,139.0761,36.25176
150,10,群馬県,富岡医療圏,公立富岡総合病院,群馬県富岡市富岡２０７３-１,災害拠点病院,NA,DMAT,NA,138.9041,36.26357
151,10,群馬県,吾妻医療圏,原町赤十字病院,群馬県吾妻郡東吾妻町大字原町６９８,災害拠点病院,NA,DMAT,NA,138.8257,36.57224
152,11,埼玉県,さいたま市地区,さいたま市立病院,埼玉県さいたま市緑区三室２４６０,災害拠点病院,NA,DMAT,NA,139.6788,35.89079
153,11,埼玉県,さいたま市地区,さいたま赤十字病院,埼玉県さいたま市中央区上落合８－３－３３,災害拠点病院,救命救急,DMAT,NA,139.6232,35.89915
154,11,埼玉県,さいたま市地区,自治医科大学附属さいたま医療センター,埼玉県さいたま市大宮区天沼町１－８４７,災害拠点病院,NA,DMAT,NA,139.6459,35.90628
155,11,埼玉県,中央地区,北里大学メディカルセンター,埼玉県北本市荒井６－１００,災害拠点病院,NA,DMAT,NA,139.5138,36.01233
156,11,埼玉県,坂戸・飯能地区,埼玉医科大学国際医療センター,埼玉県日高市山根１３９７－１,災害拠点病院,救命救急,DMAT,NA,139.3259,35.92092
157,11,埼玉県,川越地区,埼玉医科大学総合医療センター,埼玉県川越市鴨田１９８１,災害拠点病院,救命救急,DMAT,NA,139.5196,35.9346
158,11,埼玉県,熊谷・深谷地区,行田総合病院,埼玉県行田市持田３７６,災害拠点病院,NA,DMAT,NA,139.4491,36.12586
159,11,埼玉県,熊谷・深谷地区,深谷赤十字病院,埼玉県深谷市上柴町西５－８－１,災害拠点病院,救命救急,DMAT,NA,139.2955,36.18322
160,11,埼玉県,熊谷・深谷地区,深谷赤十字病院（救命）,埼玉県深谷市上柴町西５丁目８－１,災害拠点病院,救命救急,DMAT,NA,139.2955,36.18322
161,11,埼玉県,所沢地区,防衛医科大学校病院,埼玉県所沢市並木３－２,災害拠点病院,救命救急,DMAT,NA,139.4678,35.80229
162,11,埼玉県,朝霞地区,国病機構 埼玉病院,埼玉県和光市諏訪２－１,災害拠点病院,NA,DMAT,NA,139.6185,35.776
163,11,埼玉県,川口地区,川口市立医療センター,埼玉県川口市西新井宿１８０,災害拠点病院,救命救急,DMAT,NA,139.7306,35.84391
164,11,埼玉県,川口地区,済生会川口総合病院,埼玉県川口市西川口５－１１－５,災害拠点病院,NA,DMAT,NA,139.7031,35.80989
165,11,埼玉県,東部北地区,久喜総合病院,埼玉県久喜市上早見４１８－１,災害拠点病院,NA,DMAT,NA,139.6563,36.07009
166,11,埼玉県,東部北地区,済生会栗橋病院,埼玉県久喜市小右衛門７１４－６,災害拠点病院,NA,DMAT,NA,139.717,36.11472
167,11,埼玉県,東部南地区,草加市立病院,埼玉県草加市草加２－２１－１,災害拠点病院,NA,DMAT,NA,139.7967,35.83542
168,11,埼玉県,東部南地区,獨協医科大学越谷病院,埼玉県越谷市南越谷２－１－５０,災害拠点病院,救命救急,DMAT,NA,139.79,35.87825
169,12,千葉県,千葉,国立病院機構千葉医療センター,千葉県千葉市中央区椿森４－１－２,災害拠点病院,NA,DMAT,NA,140.1213,35.62203
170,12,千葉県,千葉,千葉県救急医療センター,千葉県千葉市美浜区磯辺３－３２－１,災害拠点病院,救命救急,DMAT,NA,140.0522,35.6285
171,12,千葉県,千葉,千葉市立海浜病院,千葉県千葉市美浜区磯辺３丁目３１番１号,災害拠点病院,NA,DMAT,NA,140.0514,35.62782
172,12,千葉県,千葉,千葉大学医学部附属病院,千葉県千葉市中央区亥鼻１－８－１,災害拠点病院,NA,DMAT,NA,140.1317,35.60522
173,12,千葉県,東葛南部,順天堂大学医学部附属浦安病院,千葉県浦安市富岡２－１－１,災害拠点病院,救命救急,DMAT,NA,139.9069,35.64592
174,12,千葉県,東葛南部,東京歯科大学市川総合病院,千葉県市川市菅野５－１１－１３,災害拠点病院,NA,DMAT,NA,139.9214,35.73257
175,12,千葉県,東葛南部,東京女子医科大学附属八千代医療センター,千葉県八千代市大和田新田４７７－９６,災害拠点病院,NA,DMAT,NA,140.0958,35.72677
176,12,千葉県,東葛南部,東京ベイ・浦安市川医療センター,千葉県浦安市当代島３丁目４番３２号,災害拠点病院,NA,DMAT,NA,139.8939,35.67129
177,12,千葉県,東葛南部,船橋市立医療センター,千葉県船橋市金杉１－２１－１,災害拠点病院,救命救急,DMAT,NA,139.9984,35.7239
178,12,千葉県,東葛北部,東京慈恵会医科大学附属柏病院,千葉県柏市柏下１６３番地１,災害拠点病院,救命救急,DMAT,NA,139.9829,35.86995
179,12,千葉県,東葛北部,松戸市立病院,千葉県松戸市上本郷４００５,災害拠点病院,救命救急,DMAT,NA,139.9188,35.7958
180,12,千葉県,印旛,成田赤十字病院,千葉県成田市飯田町９０－１,災害拠点病院,救命救急,DMAT,NA,140.3033,35.76501
181,12,千葉県,印旛,日本医科大学千葉北総病院,千葉県印西市鎌苅１７１５,災害拠点病院,救命救急,DMAT,NA,140.1955,35.78078
182,12,千葉県,香取海匝,旭中央病院,千葉県旭市イ１３２６,災害拠点病院,救命救急,DMAT,NA,140.6625,35.71743
183,12,千葉県,香取海匝,千葉県立佐原病院,千葉県香取市佐原イ２２８５,災害拠点病院,NA,DMAT,NA,140.51,35.8862
184,12,千葉県,山武長生夷隅,東千葉メディカルセンター,千葉県東金市丘山台三丁目６番地２,災害拠点病院,救命救急,DMAT,NA,140.3076,35.55808
185,12,千葉県,安房,安房地域医療センター,千葉県館山市山本１１５５,災害拠点病院,NA,DMAT,NA,139.8916,34.99991
186,12,千葉県,安房,亀田総合病院,千葉県鴨川市東町９２９,災害拠点病院,救命救急,DMAT,NA,140.1264,35.12341
187,12,千葉県,君津,君津中央病院,千葉県木更津市桜井１０１０,災害拠点病院,救命救急,DMAT,NA,139.9247,35.36031
188,12,千葉県,市原,千葉県循環器病センター,千葉県市原市鶴舞５７５,災害拠点病院,NA,DMAT,NA,140.1852,35.38478
189,12,千葉県,市原,帝京大学ちば総合医療センター,千葉県市原市姉崎３４２６－３,災害拠点病院,NA,DMAT,NA,140.0622,35.46523
190,13,東京都,区中央部,永寿総合病院,東京都台東区東上野２－２３－１６,災害拠点病院,NA,DMAT,NA,139.7797,35.70956
191,13,東京都,区中央部,北里研究所病院,東京都港区白金５－９－１,災害拠点病院,NA,DMAT,NA,139.7247,35.64607
192,13,東京都,区中央部,済生会中央病院,東京都港区三田１－４－１７,災害拠点病院,NA,DMAT,NA,139.7426,35.65325
193,13,東京都,区中央部,順天堂医院,東京都文京区本郷３－１－３,災害拠点病院,NA,DMAT,NA,139.7626,35.70242
194,13,東京都,区中央部,慈恵医大附属病院,東京都港区西新橋３－１９－１８,災害拠点病院,NA,DMAT,NA,139.7515,35.66369
195,13,東京都,区中央部,聖路加国際病院,東京都中央区明石町９－１,災害拠点病院,救命救急,DMAT,NA,139.7771,35.66735
196,13,東京都,区中央部,東京医科歯科大学病院,東京都文京区湯島１－５－４５,災害拠点病院,救命救急,DMAT,NA,139.7643,35.70159
197,13,東京都,区中央部,東京大学病院,東京都文京区本郷７－３－１,災害拠点病院,NA,DMAT,NA,139.7633,35.71172
198,13,東京都,区中央部,都立駒込病院,東京都文京区本駒込３－１８－２２,災害拠点病院,NA,DMAT,NA,139.7562,35.72998
199,13,東京都,区中央部,日医大附属病院,東京都文京区千駄木１－１－５,災害拠点病院,救命救急,DMAT,NA,139.7591,35.72116
200,13,東京都,区中央部,日本大学病院,東京都千代田区神田駿河台１－６,災害拠点病院,救命救急,DMAT,NA,139.7623,35.69724
201,13,東京都,区中央部,三井記念病院,東京都千代田区神田和泉町１,災害拠点病院,NA,DMAT,NA,139.7772,35.70021
202,13,東京都,区南部,池上総合病院,東京都大田区池上６－１－１９,災害拠点病院,NA,NA,NA,139.7045,35.57275
203,13,東京都,区南部,ＮＴＴ東日本関東病院,東京都品川区東五反田５－９－２２,災害拠点病院,NA,DMAT,NA,139.7254,35.63102
204,13,東京都,区南部,大森赤十字病院,東京都大田区中央４－３０－１,災害拠点病院,NA,DMAT,NA,139.718,35.5794
205,13,東京都,区南部,公社荏原病院,東京都大田区東雪谷４－５－１０,災害拠点病院,NA,DMAT,NA,139.6933,35.5941
206,13,東京都,区南部,昭和大学病院,東京都品川区旗の台１－５－８,災害拠点病院,救命救急,DMAT,NA,139.7042,35.60811
207,13,東京都,区南部,東京労災病院,東京都大田区大森南４－１３－２１,災害拠点病院,NA,NA,NA,139.747,35.56576
208,13,東京都,区南部,東邦大学大森病院,東京都大田区大森西６－１１－１,災害拠点病院,救命救急,DMAT,NA,139.724,35.56873
209,13,東京都,区西南部,関東中央病院,東京都世田谷区上用賀６－２５－１,災害拠点病院,NA,DMAT,NA,139.6259,35.63744
210,13,東京都,区西南部,国立成育医療センター,東京都世田谷区大蔵２－１０－１,NA,NA,DMAT,NA,139.6121,35.63351
211,13,東京都,区西南部,至誠会第二病院,東京都世田谷区上祖師谷５－１９－１,災害拠点病院,NA,DMAT,NA,139.5913,35.65646
212,13,東京都,区西南部,東京医療センター,東京都目黒区東が丘２－５－１,災害拠点病院,救命救急,DMAT,NA,139.6663,35.62691
213,13,東京都,区西南部,都立広尾病院,東京都渋谷区恵比寿２－３４－１０,災害拠点病院,救命救急,DMAT,NA,139.7215,35.64704
214,13,東京都,区西南部,都立松沢病院,東京都世田谷区上北沢２－１－１,災害拠点病院,NA,DMAT,NA,139.6199,35.66629
215,13,東京都,区西南部,日赤医療センター,東京都渋谷区広尾４－１－２２,災害拠点病院,救命救急,DMAT,NA,139.7204,35.65443
216,13,東京都,区西部,荻窪病院,東京都杉並区今川３－１－２４,災害拠点病院,NA,DMAT,NA,139.6077,35.71541
217,13,東京都,区西部,慶応大学病院,東京都新宿区信濃町３５,災害拠点病院,NA,DMAT,NA,139.718,35.68264
218,13,東京都,区西部,公社大久保病院,東京都新宿区歌舞伎町２－４４－１,災害拠点病院,NA,DMAT,NA,139.7013,35.69665
219,13,東京都,区西部,佼成病院,東京都杉並区和田２－２５－１,災害拠点病院,NA,NA,NA,139.6561,35.68994
220,13,東京都,区西部,国立国際医療研究センター病院,東京都新宿区戸山１－２１－１,災害拠点病院,NA,DMAT,NA,139.7163,35.70292
221,13,東京都,区西部,東京医科大学病院,東京都新宿区西新宿６－７－１,災害拠点病院,救命救急,DMAT,NA,139.6919,35.69372
222,13,東京都,区西部,東京警察病院,東京都中野区中野４－２２－１,災害拠点病院,NA,DMAT,NA,139.6592,35.7089
223,13,東京都,区西部,東京新宿メディカルセンター,東京都新宿区津久戸町５－１,災害拠点病院,NA,NA,NA,139.7415,35.7039
224,13,東京都,区西部,東京女子医大病院,東京都新宿区河田町８－１,災害拠点病院,救命救急,DMAT,NA,139.7196,35.69717
225,13,東京都,区西部,東京山手メディカルセンター,東京都新宿区百人町３－２２－１,災害拠点病院,NA,DMAT,NA,139.6985,35.70483
226,13,東京都,区西部,中野総合病院,東京都中野区中央４－５９－１６,災害拠点病院,NA,DMAT,NA,139.6668,35.70247
227,13,東京都,区西北部,公社豊島病院,東京都板橋区栄町３３－１,災害拠点病院,NA,DMAT,NA,139.7005,35.75288
228,13,東京都,区西北部,順天堂練馬病院,東京都練馬区高野台３－１－１０,災害拠点病院,NA,DMAT,NA,139.615,35.74217
229,13,東京都,区西北部,帝京大学附属病院,東京都板橋区加賀２－１１－１,災害拠点病院,救命救急,DMAT,NA,139.7145,35.75928
230,13,東京都,区西北部,東京北医療センター,東京都北区赤羽台４－１７－５６,災害拠点病院,NA,DMAT,NA,139.711,35.78375
231,13,東京都,区西北部,東京都健康長寿医療センター,東京都板橋区栄町３５－２,災害拠点病院,NA,DMAT,NA,139.7031,35.75108
232,13,東京都,区西北部,都立大塚病院,東京都豊島区南大塚２－８－１,災害拠点病院,NA,DMAT,NA,139.7316,35.72441
233,13,東京都,区西北部,日大附属板橋病院,東京都板橋区大谷口上町３０－１,災害拠点病院,救命救急,DMAT,NA,139.6912,35.7493
234,13,東京都,区西北部,練馬光が丘病院,東京都練馬区光が丘２－１１－１,災害拠点病院,NA,DMAT,NA,139.6298,35.76202
235,13,東京都,区東北部,女子医大東医療センター,東京都荒川区西尾久２－１－１０,災害拠点病院,救命救急,DMAT,NA,139.7654,35.74814
236,13,東京都,区東北部,慈恵医大葛飾医療センター,東京都葛飾区青戸６－４１－２,災害拠点病院,NA,DMAT,NA,139.8581,35.75317
237,13,東京都,区東北部,苑田第一病院,東京都足立区竹の塚４－１－１２,災害拠点病院,NA,DMAT,NA,139.8025,35.79275
238,13,東京都,区東北部,東部地域病院,東京都葛飾区亀有５－１４－１,災害拠点病院,NA,DMAT,NA,139.8447,35.76644
239,13,東京都,区東北部,西新井病院,東京都足立区西新井本町１－１２－１２,災害拠点病院,NA,DMAT,NA,139.7812,35.77624
240,13,東京都,区東北部,博慈会記念総合病院,東京都足立区鹿浜５－１１－１,災害拠点病院,NA,DMAT,NA,139.7495,35.7851
241,13,東京都,区東北部,平成立石病院,東京都葛飾区立石５－１－９,災害拠点病院,NA,NA,NA,139.8418,35.74195
242,13,東京都,区東部,あそか病院,東京都江東区住吉１－１８－１,災害拠点病院,NA,NA,NA,139.812,35.68998
243,13,東京都,区東部,江戸川病院,東京都江戸川区東小岩２－２４－１８,災害拠点病院,NA,DMAT,NA,139.8932,35.72802
244,13,東京都,区東部,がん研究会有明病院,東京都江東区有明３－８－３１,災害拠点病院,NA,DMAT,NA,139.7953,35.63615
245,13,東京都,区東部,江東高齢者医療センター,東京都江東区新砂３－３－２０,災害拠点病院,NA,DMAT,NA,139.8326,35.66584
246,13,東京都,区東部,江東病院,東京都江東区大島６－８－５,災害拠点病院,NA,DMAT,NA,139.8345,35.69024
247,13,東京都,区東部,昭和大学江東豊洲病院,東京都江東区豊洲５－１－３８,災害拠点病院,NA,NA,NA,139.7955,35.6497
248,13,東京都,区東部,白鬚橋病院,東京都墨田区東向島４－２－１０,災害拠点病院,NA,DMAT,NA,139.8142,35.72775
249,13,東京都,区東部,東京臨海病院,東京都江戸川区臨海町１－４－２,災害拠点病院,NA,DMAT,NA,139.8507,35.65262
250,13,東京都,区東部,都立墨東病院,東京都墨田区江東橋４－２３－１５,災害拠点病院,救命救急,DMAT,NA,139.8187,35.69513
251,13,東京都,西多摩,青梅市立総合病院,東京都青梅市東青梅４－１６－５,災害拠点病院,救命救急,DMAT,NA,139.2811,35.7826
252,13,東京都,西多摩,公立阿伎留医療センター,東京都あきる野市引田７８－１,災害拠点病院,NA,DMAT,NA,139.2724,35.73154
253,13,東京都,西多摩,公立福生病院,東京都福生市加美平１－６－１,災害拠点病院,NA,DMAT,NA,139.3266,35.74702
254,13,東京都,南多摩,稲城市立病院,東京都稲城市大丸１１７１,災害拠点病院,NA,DMAT,NA,139.4731,35.6428
255,13,東京都,南多摩,多摩南部地域病院,東京都多摩市中沢２－１－２,災害拠点病院,NA,DMAT,NA,139.4146,35.62268
256,13,東京都,南多摩,東海大学八王子病院,東京都八王子市石川町１８３８,災害拠点病院,NA,DMAT,NA,139.3569,35.67384
257,13,東京都,南多摩,日医大多摩永山病院,東京都多摩市永山１－７－１,災害拠点病院,救命救急,DMAT,NA,139.4462,35.63114
258,13,東京都,南多摩,八王子医療センター,東京都八王子市館町１１６３,災害拠点病院,救命救急,DMAT,NA,139.2893,35.63195
259,13,東京都,南多摩,日野市立病院,東京都日野市多摩平４－３－１,災害拠点病院,NA,DMAT,NA,139.3782,35.66693
260,13,東京都,南多摩,町田市民病院,東京都町田市旭町２－１５－４１,災害拠点病院,NA,DMAT,NA,139.4384,35.55687
261,13,東京都,南多摩,南町田病院,東京都町田市鶴間１００８－１,災害拠点病院,NA,DMAT,NA,139.4712,35.50735
262,13,東京都,北多摩西部,災害医療センター,東京都立川市緑町３２５６,災害拠点病院,救命救急,DMAT,NA,139.4097,35.7066
263,13,東京都,北多摩西部,東大和病院,東京都東大和市南街１－１３－１２,災害拠点病院,NA,DMAT,NA,139.4318,35.74135
264,13,東京都,北多摩南部,杏林大学附属病院,東京都三鷹市新川６－２０－２,災害拠点病院,救命救急,DMAT,NA,139.5662,35.67712
265,13,東京都,北多摩南部,慈恵医大第三病院,東京都狛江市和泉本町４－１１－１,災害拠点病院,NA,DMAT,NA,139.5666,35.64551
266,13,東京都,北多摩南部,都立小児総合医療センター,東京都府中市武蔵台２－８－２９,災害拠点病院,NA,NA,NA,139.4615,35.69251
267,13,東京都,北多摩南部,都立多摩総合医療センター,東京都府中市武蔵台２－８－２９,災害拠点病院,救命救急,DMAT,NA,139.4615,35.69251
268,13,東京都,北多摩南部,武蔵野赤十字病院,東京都武蔵野市境南町１－２６－１,災害拠点病院,救命救急,DMAT,NA,139.5479,35.69655
269,13,東京都,北多摩北部,公立昭和病院,東京都小平市花小金井８－１－１,災害拠点病院,救命救急,DMAT,NA,139.5031,35.73146
270,13,東京都,北多摩北部,国立病院機構 東京病院,東京都清瀬市竹丘３－１－１,災害拠点病院,NA,DMAT,NA,139.5053,35.7667
271,13,東京都,北多摩北部,佐々総合病院,東京都西東京市田無町４－２４－１５,災害拠点病院,NA,DMAT,NA,139.5393,35.7294
272,13,東京都,北多摩北部,多摩北部医療センター,東京都東村山市青葉町１－７－１,災害拠点病院,NA,DMAT,NA,139.4925,35.76012
273,14,神奈川県,横浜北部,済生会横浜市東部病院,神奈川県横浜市鶴見区下末吉３－６－１,災害拠点病院,救命救急,DMAT,NA,139.675,35.52408
274,14,神奈川県,横浜北部,昭和大学藤が丘病院,神奈川県横浜市青葉区藤が丘１－３０,災害拠点病院,救命救急,DMAT,NA,139.5294,35.5448
275,14,神奈川県,横浜北部,昭和大学横浜市北部病院,神奈川県横浜市都筑区茅ケ崎中央３５－１,災害拠点病院,NA,DMAT,NA,139.57,35.54668
276,14,神奈川県,横浜北部,横浜労災病院,神奈川県横浜市港北区小机町３２１１,災害拠点病院,救命救急,DMAT,NA,139.6112,35.51126
277,14,神奈川県,横浜西部,けいゆう病院,神奈川県横浜市西区みなとみらい３－７－３,災害拠点病院,NA,DMAT,NA,139.6338,35.45883
278,14,神奈川県,横浜西部,国立病院機構横浜医療センター,神奈川県横浜市戸塚区原宿３－６０－２,災害拠点病院,救命救急,DMAT,NA,139.5051,35.3785
279,14,神奈川県,横浜西部,聖マリアンナ医大横浜市西部病院,神奈川県横浜市旭区矢指町１１９７－１,災害拠点病院,救命救急,DMAT,NA,139.5034,35.47753
280,14,神奈川県,横浜西部,横浜市立市民病院,神奈川県横浜市保土ケ谷区岡沢町５６,災害拠点病院,救命救急,DMAT,NA,139.5992,35.47221
281,14,神奈川県,横浜南部,済生会横浜市南部病院,神奈川県横浜市港南区港南台３－２－１０,災害拠点病院,NA,DMAT,NA,139.5789,35.37523
282,14,神奈川県,横浜南部,みなと赤十字病院,神奈川県横浜市中区新山下３－１２－１,災害拠点病院,救命救急,DMAT,NA,139.6641,35.43664
283,14,神奈川県,横浜南部,横浜市大附属病院,神奈川県横浜市金沢区福浦３－９,災害拠点病院,NA,DMAT,NA,139.6514,35.34313
284,14,神奈川県,横浜南部,横浜市立大学附属市民総合医療センター,神奈川県横浜市南区浦舟町４－５７,災害拠点病院,救命救急,DMAT,NA,139.6246,35.43376
285,14,神奈川県,横浜南部,横浜南共済病院,神奈川県横浜市金沢区六浦東１－２１－１,災害拠点病院,NA,DMAT,NA,139.6225,35.32085
286,14,神奈川県,川崎北部,川崎市立多摩病院,神奈川県川崎市多摩区宿河原１－３０－３７,災害拠点病院,NA,DMAT,NA,139.5726,35.61946
287,14,神奈川県,川崎北部,聖マリアンナ医科大学病院,神奈川県川崎市宮前区菅生２－１６－１,災害拠点病院,救命救急,DMAT,NA,139.5471,35.59957
288,14,神奈川県,川崎北部,帝京大学医学部附属溝口病院,神奈川県川崎市高津区溝口３－８－３,災害拠点病院,NA,DMAT,NA,139.615,35.60302
289,14,神奈川県,川崎南部,川崎市立川崎病院,神奈川県川崎市川崎区新川通１２－１,災害拠点病院,救命救急,DMAT,NA,139.7062,35.52654
290,14,神奈川県,川崎南部,関東労災病院,神奈川県川崎市中原区木月住吉町１－１,災害拠点病院,NA,DMAT,NA,139.6572,35.56825
291,14,神奈川県,川崎南部,日本医科大学武蔵小杉病院,神奈川県川崎市中原区小杉町１－３９６,災害拠点病院,救命救急,DMAT,NA,139.6581,35.57904
292,14,神奈川県,横須賀・三浦,横須賀共済病院,神奈川県横須賀市米が浜通１－１６,災害拠点病院,救命救急,DMAT,NA,139.6739,35.27649
293,14,神奈川県,横須賀・三浦,横須賀市立市民病院,神奈川県横須賀市長坂１－３－２,災害拠点病院,NA,DMAT,NA,139.627,35.22287
294,14,神奈川県,湘南東部,茅ヶ崎市立病院,神奈川県茅ヶ崎市本村五丁目１５番１号,災害拠点病院,NA,DMAT,NA,139.4152,35.34008
295,14,神奈川県,湘南東部,藤沢市民病院,神奈川県藤沢市藤沢２－６－１,災害拠点病院,救命救急,DMAT,NA,139.4819,35.34977
296,14,神奈川県,湘南西部,東海大学医学部付属病院,神奈川県伊勢原市下糟屋１４３,災害拠点病院,救命救急,DMAT,NA,139.3153,35.40654
297,14,神奈川県,湘南西部,秦野赤十字病院,神奈川県秦野市立野台１－１,災害拠点病院,NA,DMAT,NA,139.2296,35.3605
298,14,神奈川県,湘南西部,平塚市民病院,神奈川県平塚市南原１－１９－１,災害拠点病院,NA,DMAT,NA,139.3253,35.33649
299,14,神奈川県,県央,厚木市立病院,神奈川県厚木市水引１－１６－３６,災害拠点病院,NA,DMAT,NA,139.3595,35.44836
300,14,神奈川県,県央,大和市立病院,神奈川県大和市深見西８－３－６,災害拠点病院,NA,DMAT,NA,139.4587,35.48669
301,14,神奈川県,相模原,北里大学病院,神奈川県相模原市南区北里１－１５－１,災害拠点病院,救命救急,DMAT,被ばく,139.3938,35.53962
302,14,神奈川県,相模原,相模原協同病院,神奈川県相模原市緑区橋本２－８－１８,災害拠点病院,NA,DMAT,NA,139.3407,35.59608
303,14,神奈川県,相模原,相模原赤十字病院,神奈川県相模原市緑区中野２５６,災害拠点病院,NA,DMAT,NA,139.2549,35.58922
304,14,神奈川県,県西,小田原市立病院,神奈川県小田原市久野４６,災害拠点病院,救命救急,DMAT,NA,139.1518,35.2677
305,14,神奈川県,県西,県立足柄上病院,神奈川県足柄上郡松田町松田惣領８６６－１,災害拠点病院,NA,DMAT,NA,139.1431,35.34565
306,15,新潟県,下越,新潟県厚生連村上総合病院,新潟県村上市田端町２－１７,災害拠点病院,NA,DMAT,NA,139.4663,38.22069
307,15,新潟県,下越,新潟県立新発田病院,新潟県新発田市本町１－２－８,災害拠点病院,救命救急,DMAT,NA,139.3338,37.94553
308,15,新潟県,新潟,下越病院,新潟県新潟市秋葉区東金沢１４５９番地１,災害拠点病院,NA,DMAT,NA,139.1455,37.80366
309,15,新潟県,新潟,がんセンター,新潟県新潟市中央区川岸町２－１５－３,NA,NA,NA,被ばく,139.0292,37.91064
310,15,新潟県,新潟,済生会新潟第二病院,新潟県新潟市西区寺地２８０－７,災害拠点病院,NA,DMAT,NA,139.0048,37.87902
311,15,新潟県,新潟,新潟市民病院,新潟県新潟市中央区鐘木４６３－７,災害拠点病院,救命救急,DMAT,NA,139.0433,37.87598
312,15,新潟県,新潟,新潟大学医歯学総合病院,新潟県新潟市中央区旭町通一番町７５４番地,災害拠点病院,救命救急,DMAT,NA,139.0371,37.9201
313,15,新潟県,県央,新潟県済生会三条病院,新潟県三条市大野畑６番１８号,災害拠点病院,NA,DMAT,NA,138.9401,37.62712
314,15,新潟県,中越,ＪＡ新潟厚生連 柏崎総合医療センター,新潟県柏崎市北半田２丁目１１番３号,災害拠点病院,NA,DMAT,NA,138.5775,37.36219
315,15,新潟県,中越,長岡赤十字病院,新潟県長岡市千秋２丁目２９７番地１,災害拠点病院,救命救急,DMAT,NA,138.829,37.45864
316,15,新潟県,魚沼,新潟県立十日町病院,新潟県十日町市高山３２－９,災害拠点病院,NA,DMAT,NA,138.7523,37.13049
317,15,新潟県,魚沼,新潟大学地域医療教育センター・魚沼基幹病院,新潟県南魚沼市浦佐４１３２番地,災害拠点病院,救命救急,DMAT,NA,138.936,37.17117
318,15,新潟県,上越,ＪＡ新潟厚生連糸魚川総合病院,新潟県糸魚川市竹ケ花４５７番地１,災害拠点病院,NA,DMAT,NA,137.8885,37.0489
319,15,新潟県,上越,新潟県立中央病院,新潟県上越市新南町２０５番地,災害拠点病院,救命救急,DMAT,NA,138.2706,37.10638
320,15,新潟県,佐渡,佐渡総合病院,新潟県佐渡市千種１６１,災害拠点病院,NA,DMAT,NA,138.3665,38.01957
321,16,富山県,新川,黒部市民病院,富山県黒部市三日市１１０８番地１,災害拠点病院,NA,DMAT,NA,137.4421,36.87226
322,16,富山県,富山,富山県立中央病院,富山県富山市西長江２－２－７８,災害拠点病院,救命救急,DMAT,NA,137.2377,36.69255
323,16,富山県,富山,富山市民病院,富山県富山市今泉北部町２－１,災害拠点病院,NA,DMAT,NA,137.2125,36.67257
324,16,富山県,富山,富山赤十字病院,富山県富山市牛島本町２－１－５８,災害拠点病院,NA,DMAT,NA,137.2092,36.70867
325,16,富山県,富山,富山大学附属病院,富山県富山市杉谷２６３０番地,災害拠点病院,NA,DMAT,NA,137.1423,36.68
326,16,富山県,高岡,厚生連高岡病院,富山県高岡市永楽町５番１０号,NA,救命救急,DMAT,NA,136.9959,36.74368
327,16,富山県,高岡,高岡市民病院,富山県高岡市宝町４番１号,災害拠点病院,NA,DMAT,NA,137.0272,36.75705
328,16,富山県,砺波,市立砺波総合病院,富山県砺波市新富町１番６１号,災害拠点病院,NA,DMAT,NA,136.9507,36.63889
329,17,石川県,南加賀,独立行政法人国立病院機構石川病院,石川県加賀市手塚町サ１５０,NA,NA,NA,被ばく,136.3568,36.35687
330,17,石川県,南加賀,加賀市民病院,石川県加賀市大聖寺八間道６５,NA,NA,NA,被ばく,136.3094,36.30822
331,17,石川県,南加賀,小松市民病院,石川県小松市向本折町ホ６０,災害拠点病院,NA,DMAT,被ばく,136.4386,36.39916
332,17,石川県,南加賀,能美市立病院,石川県能美市大浜町ノ８５,NA,NA,NA,被ばく,136.4602,36.45461
333,17,石川県,南加賀,山中温泉医療センター,石川県加賀市山中温泉上野町ル１５－１,NA,NA,NA,被ばく,136.3721,36.25354
334,17,石川県,石川中央,医王病院,石川県金沢市岩出町ニ７３－１,NA,NA,NA,被ばく,136.7027,36.61072
335,17,石川県,石川中央,石川県立高松病院,石川県かほく市内高松ヤ３６,NA,NA,NA,被ばく,136.7374,36.76671
336,17,石川県,石川中央,石川県立中央病院,石川県金沢市鞍月東２－１,災害拠点病院,救命救急,DMAT,被ばく,136.6288,36.5952
337,17,石川県,石川中央,金沢医科大学病院,石川県河北郡内灘町大学１－１,NA,NA,DMAT,NA,136.6461,36.65544
338,17,石川県,石川中央,金沢医療センター,石川県金沢市下石引町１－１,災害拠点病院,NA,DMAT,被ばく,136.6658,36.56075
339,17,石川県,石川中央,金沢市立病院,石川県金沢市平和町３－７－３,災害拠点病院,NA,DMAT,被ばく,136.6628,36.54099
340,17,石川県,石川中央,金沢赤十字病院,石川県金沢市三馬２－２５１,災害拠点病院,NA,DMAT,被ばく,136.6363,36.53021
341,17,石川県,石川中央,金沢大学附属病院,石川県金沢市宝町１３－１,NA,NA,DMAT,被ばく,136.6743,36.55553
342,17,石川県,石川中央,河北中央病院,石川県河北郡津幡町津幡ロ５１－２,NA,NA,NA,被ばく,136.7464,36.67416
343,17,石川県,石川中央,公立つるぎ病院,石川県白山市鶴来水戸町ノ１,NA,NA,NA,被ばく,136.6238,36.44719
344,17,石川県,石川中央,公立松任石川中央病院,石川県白山市倉光３－８,災害拠点病院,NA,DMAT,被ばく,136.5663,36.51088
345,17,石川県,石川中央,済生会金沢病院,石川県金沢市赤土町ニ１３－６,NA,NA,NA,被ばく,136.5954,36.58244
346,17,石川県,石川中央,地域医療機能推進機構 金沢病院,石川県金沢市沖町ハ－１５,NA,NA,NA,被ばく,136.6532,36.59148
347,17,石川県,能登中部,公立能登総合病院,石川県七尾市藤橋町ア部６番地４,災害拠点病院,救命救急,DMAT,被ばく,136.9466,37.04497
348,17,石川県,能登中部,公立羽咋病院,石川県羽咋市的場町松崎２４番地,災害拠点病院,NA,DMAT,被ばく,136.7799,36.90088
349,17,石川県,能登中部,志雄病院,石川県羽咋郡宝達志水町荻市ほ１－１,NA,NA,NA,被ばく,136.7908,36.8652
350,17,石川県,能登中部,町立富来病院,石川県羽咋郡志賀町富来地頭町７－１１０－１,NA,NA,NA,被ばく,136.7295,37.13614
351,17,石川県,能登中部,七尾病院,石川県七尾市松百町八部３－１,NA,NA,NA,被ばく,136.9441,37.06106
352,17,石川県,能登北部,公立宇出津総合病院,石川県鳳珠郡能登町宇出津タ字９７番地,NA,NA,NA,被ばく,137.1472,37.30853
353,17,石川県,能登北部,公立穴水総合病院,石川県鳳珠郡穴水町川島タ－８,NA,NA,NA,被ばく,136.9097,37.23341
354,17,石川県,能登北部,市立輪島病院,石川県輪島市山岸町は１番１地,災害拠点病院,NA,DMAT,被ばく,136.9057,37.38421
355,17,石川県,能登北部,珠洲市総合病院,石川県珠洲市野々江町ユ-１－１,災害拠点病院,NA,DMAT,被ばく,37.44349,37.44349
356,18,福井県,福井・坂井,福井県済生会病院,福井県福井市和田中町舟橋７－１,災害拠点病院,NA,DMAT,NA,136.2521,36.0476
357,18,福井県,福井・坂井,福井県立病院,福井県福井市四ツ井２丁目８番１号,災害拠点病院,救命救急,DMAT,被ばく,136.2375,36.06902
358,18,福井県,福井・坂井,福井赤十字病院,福井県福井市月見２－４－１,災害拠点病院,NA,DMAT,NA,136.2131,36.04716
359,18,福井県,福井・坂井,福井総合病院,福井県福井市江上町５８－１６－１,NA,NA,DMAT,NA,136.1637,36.13239
360,18,福井県,福井・坂井,福井大学病院,福井県吉田郡永平寺町松岡下合月２３－３,災害拠点病院,NA,DMAT,NA,136.2967,36.10849
361,18,福井県,奥越,福井勝山総合病院,福井県勝山市長山町２丁目６番２１号,災害拠点病院,NA,DMAT,NA,136.506,36.07071
362,18,福井県,丹南,公立丹南病院,福井県鯖江市三六町１－２－３１,災害拠点病院,NA,DMAT,NA,136.1779,35.96925
363,18,福井県,嶺南,市立敦賀病院,福井県敦賀市三島町１－６－６０,災害拠点病院,NA,DMAT,被ばく,136.0644,35.65243
364,18,福井県,嶺南,杉田玄白記念 公立小浜病院,福井県小浜市大手町２番２号,災害拠点病院,救命救急,DMAT,NA,135.7464,35.49454
365,19,山梨県,中北,白根徳洲会病院,山梨県南アルプス市西野２２９４－２,災害拠点病院,NA,DMAT,NA,138.4783,35.63857
366,19,山梨県,中北,市立甲府病院,山梨県甲府市増坪町３６６,災害拠点病院,NA,DMAT,NA,138.5912,35.63456
367,19,山梨県,中北,韮崎市立病院,山梨県韮崎市本町３－５－３,災害拠点病院,NA,DMAT,NA,138.458,35.70133
368,19,山梨県,中北,山梨県立中央病院,山梨県甲府市富士見１－１－１,災害拠点病院,救命救急,DMAT,NA,138.5502,35.67102
369,19,山梨県,中北,山梨大学医学部附属病院,山梨県中央市下河東１１１０,NA,NA,DMAT,NA,138.5393,35.60894
370,19,山梨県,峡東,医療法人康麗会笛吹中央病院,山梨県笛吹市石和町四日市場４７－１,災害拠点病院,NA,DMAT,NA,138.6346,35.64029
371,19,山梨県,峡東,加納岩総合病院,山梨県山梨市上神内川１３０９,NA,NA,DMAT,NA,138.6843,35.68939
372,19,山梨県,峡東,山梨厚生病院,山梨県山梨市落合８６０,災害拠点病院,NA,DMAT,NA,138.665,35.6849
373,19,山梨県,富士・東部,大月市立中央病院,山梨県大月市大月町花咲１２２５,災害拠点病院,NA,DMAT,NA,138.928,35.60167
374,19,山梨県,富士・東部,富士吉田市立病院,山梨県富士吉田市上吉田６５３０,災害拠点病院,NA,DMAT,NA,138.8067,35.46525
375,19,山梨県,富士・東部,山梨赤十字病院,山梨県南都留郡富士河口湖町船津６６６３－１,NA,NA,DMAT,NA,138.777,35.48664
376,19,山梨県,峡南,峡南医療センター富士川病院,山梨県南巨摩郡富士川町鰍沢３４０－１,災害拠点病院,NA,DMAT,NA,138.4654,35.5484
377,20,長野県,佐久,厚生連 佐久総合病院 佐久医療センター,長野県佐久市中込３４００－２８,災害拠点病院,救命救急,DMAT,NA,138.4728,36.25201
378,20,長野県,上小,独立行政法人国立病院機構 信州上田医療セ,長野県上田市緑が丘１－２７－２１,災害拠点病院,NA,DMAT,NA,138.2528,36.41333
379,20,長野県,諏訪,諏訪赤十字病院,長野県諏訪市湖岸通り５丁目１１番５０号,災害拠点病院,救命救急,DMAT,NA,138.1086,36.04363
380,20,長野県,上伊那,伊那中央病院,長野県伊那市小四郎久保１３１３番地１,災害拠点病院,救命救急,DMAT,NA,137.9548,35.85579
381,20,長野県,飯伊,飯田市立病院,長野県飯田市八幡町４３８番地,災害拠点病院,救命救急,DMAT,NA,137.8361,35.49915
382,20,長野県,木曽,長野県立木曽病院,長野県木曽郡木曽町福島６６１３－４,災害拠点病院,NA,DMAT,NA,137.6842,35.8357
383,20,長野県,松本,相澤病院,長野県松本市本庄２－５－１,NA,救命救急,DMAT,NA,137.9737,36.22652
384,20,長野県,松本,信州大学医学部附属病院,長野県松本市旭３丁目１番１号,災害拠点病院,救命救急,DMAT,NA,137.9789,36.24998
385,20,長野県,大北,市立大町総合病院,長野県大町市大町３１３０番地,災害拠点病院,NA,DMAT,NA,137.8579,36.50071
386,20,長野県,長野,長野赤十字病院,長野県長野市若里５丁目２２番１号,災害拠点病院,救命救急,DMAT,NA,138.1903,36.62771
387,20,長野県,北信,厚生連北信総合病院,長野県中野市西１丁目５番６３号,災害拠点病院,NA,DMAT,NA,138.3663,36.74661
388,21,岐阜県,岐阜,岐阜県総合医療センター,岐阜県岐阜市野一色４－６－１,災害拠点病院,救命救急,DMAT,NA,136.7985,35.41071
389,21,岐阜県,岐阜,岐阜市民病院,岐阜県岐阜市鹿島町７－１,災害拠点病院,NA,DMAT,NA,136.7348,35.4141
390,21,岐阜県,岐阜,岐阜赤十字病院,岐阜県岐阜市岩倉町３－３６,災害拠点病院,NA,DMAT,NA,136.7564,35.43367
391,21,岐阜県,岐阜,国立大学法人岐阜大学医学部附属病院,岐阜県岐阜市柳戸１番１,災害拠点病院,救命救急,DMAT,NA,136.7388,35.46415
392,21,岐阜県,岐阜,松波総合病院,岐阜県羽島郡笠松町田代１８５－１,災害拠点病院,NA,DMAT,NA,136.7577,35.36321
393,21,岐阜県,西濃,大垣市民病院,岐阜県大垣市南頬町４－８６,災害拠点病院,救命救急,DMAT,NA,136.6223,35.35342
394,21,岐阜県,中濃,木沢記念病院,岐阜県美濃加茂市古井町下古井590番地,災害拠点病院,NA,DMAT,NA,137.0234,35.44082
395,21,岐阜県,中濃,中濃厚生病院,岐阜県関市若草通５－１,災害拠点病院,救命救急,DMAT,NA,136.9218,35.49508
396,21,岐阜県,東濃,県立多治見病院,岐阜県多治見市前畑町５－１６１,災害拠点病院,救命救急,DMAT,NA,137.1112,35.32781
397,21,岐阜県,東濃,総合病院 中津川市民病院,岐阜県中津川市駒場１５２２－１,災害拠点病院,NA,DMAT,NA,137.481,35.48917
398,21,岐阜県,飛騨,久美愛厚生病院,岐阜県高山市中切町1-1,災害拠点病院,NA,DMAT,NA,137.2375,36.16669
399,21,岐阜県,飛騨,高山赤十字病院,岐阜県高山市天満町３－１１,災害拠点病院,救命救急,DMAT,NA,137.2545,36.13704
400,22,静岡県,熱海伊東,伊東市民病院,静岡県伊東市岡１９６－１,災害拠点病院,NA,DMAT,NA,139.0878,34.9604
401,22,静岡県,駿東田方,静岡医療センター,静岡県駿東郡清水町長沢７６２－１,災害拠点病院,NA,DMAT,NA,138.8897,35.10015
402,22,静岡県,駿東田方,順天堂大学医学部附属静岡病院,静岡県伊豆の国市長岡１１２９,災害拠点病院,救命救急,DMAT,NA,138.9335,35.02758
403,22,静岡県,駿東田方,沼津市立病院,静岡県沼津市東椎路字春ノ木５５０,災害拠点病院,救命救急,DMAT,NA,138.8352,35.11953
404,22,静岡県,駿東田方,三島総合病院,静岡県三島市谷田藤久保２２７６,災害拠点病院,NA,DMAT,NA,138.9519,35.12404
405,22,静岡県,富士,富士市立中央病院,静岡県富士市高島町５０,災害拠点病院,NA,DMAT,NA,138.6713,35.15814
406,22,静岡県,富士,富士宮市立病院,静岡県富士宮市錦町３－１,災害拠点病院,NA,DMAT,NA,138.6154,35.21981
407,22,静岡県,静岡,静岡県立総合病院,静岡県静岡市葵区北安東四丁目２７番１号,災害拠点病院,救命救急,DMAT,被ばく,138.3874,35.00197
408,22,静岡県,静岡,静岡済生会総合病院,静岡県静岡市駿河区小鹿一丁目１－１,災害拠点病院,救命救急,DMAT,NA,138.4136,34.97587
409,22,静岡県,静岡,静岡市立静岡病院,静岡県静岡市葵区追手町１０番９３号,災害拠点病院,NA,DMAT,NA,138.3806,34.98054
410,22,静岡県,静岡,静岡赤十字病院,静岡県静岡市葵区追手町８番２号,災害拠点病院,救命救急,DMAT,NA,138.3808,34.9764
411,22,静岡県,静岡,清水病院,静岡県静岡市清水区宮加三１２３１番地,災害拠点病院,NA,DMAT,NA,138.49,34.98232
412,22,静岡県,志太榛原,市立島田市民病院,静岡県島田市野田１２００－５,災害拠点病院,NA,DMAT,NA,138.1833,34.84586
413,22,静岡県,志太榛原,藤枝市立総合病院,静岡県藤枝市駿河台４－１－１１,災害拠点病院,NA,DMAT,NA,138.2292,34.86268
414,22,静岡県,志太榛原,焼津市立総合病院,静岡県焼津市道原１０００,災害拠点病院,NA,DMAT,NA,138.3075,34.83765
415,22,静岡県,中東遠,磐田市立総合病院,静岡県磐田市大久保５１２－３,災害拠点病院,救命救急,DMAT,NA,137.8563,34.7696
416,22,静岡県,中東遠,中東遠総合医療センター,静岡県掛川市菖蒲ヶ池１番地の１,災害拠点病院,NA,DMAT,NA,137.9982,34.7566
417,22,静岡県,西部,聖隷浜松病院,静岡県浜松市中区住吉二丁目１２番１２号,NA,救命救急,NA,NA,137.7252,34.73065
418,22,静岡県,西部,聖隷三方原病院,静岡県浜松市北区三方原町３４５３番地,災害拠点病院,救命救急,DMAT,NA,137.6904,34.79234
419,22,静岡県,西部,浜松医科大学医学部附属病院,静岡県浜松市東区半田山一丁目２０番１号,災害拠点病院,NA,DMAT,被ばく,137.7422,34.76765
420,22,静岡県,西部,浜松医療センター,静岡県浜松市中区富塚町３２８番地,災害拠点病院,救命救急,DMAT,NA,137.7016,34.71659
421,22,静岡県,西部,浜松赤十字病院,静岡県浜松市浜北区小林１０８８－１,災害拠点病院,NA,DMAT,NA,137.79,34.80589
422,23,愛知県,名古屋,西部医療センター,愛知県名古屋市北区平手町１－１－１,災害拠点病院,NA,DMAT,NA,136.9022,35.20437
423,23,愛知県,名古屋,中京病院,愛知県名古屋市南区三条１－１－１０,災害拠点病院,救命救急,DMAT,NA,136.9012,35.11094
424,23,愛知県,名古屋,中部労災病院,愛知県名古屋市港区港明１－１０－６,災害拠点病院,NA,DMAT,NA,136.892,35.10973
425,23,愛知県,名古屋,東部医療センター,愛知県名古屋市千種区若水一丁目２番２３号,災害拠点病院,NA,DMAT,NA,136.9432,35.17403
426,23,愛知県,名古屋,名古屋医療センター,愛知県名古屋市中区三の丸４－１－１,災害拠点病院,救命救急,DMAT,NA,136.9061,35.18396
427,23,愛知県,名古屋,名古屋掖済会病院,愛知県名古屋市中川区松年町４－６６,災害拠点病院,救命救急,DMAT,NA,136.8726,35.12035
428,23,愛知県,名古屋,名古屋記念病院,愛知県名古屋市天白区平針四丁目３０５番地,災害拠点病院,NA,DMAT,NA,137.0062,35.12206
429,23,愛知県,名古屋,名古屋第一赤十字病院,愛知県名古屋市中村区道下町３丁目３５番地,災害拠点病院,救命救急,DMAT,NA,136.863,35.17191
430,23,愛知県,名古屋,名古屋大学医学部附属病院,愛知県名古屋市昭和区鶴舞町６５番地,災害拠点病院,NA,DMAT,NA,136.9211,35.15776
431,23,愛知県,名古屋,名古屋第二赤十字病院,愛知県名古屋市昭和区妙見町２－９,災害拠点病院,救命救急,DMAT,NA,136.9659,35.14508
432,23,愛知県,名古屋,名市大病院,愛知県名古屋市瑞穂区瑞穂町字川澄１番地,災害拠点病院,救命救急,DMAT,NA,136.9352,35.1394
433,23,愛知県,海部津島,海南病院,愛知県弥富市前ヶ須町南本田３９６,災害拠点病院,救命救急,DMAT,NA,136.7228,35.10877
434,23,愛知県,海部津島,津島市民病院,愛知県津島市橘町３－７３,災害拠点病院,NA,DMAT,NA,136.7381,35.17351
435,23,愛知県,尾張東部,愛知医科大学病院,愛知県長久手市岩作雁又１－１,災害拠点病院,救命救急,DMAT,NA,137.0487,35.19218
436,23,愛知県,尾張東部,公立陶生病院,愛知県瀬戸市西追分町１６０,災害拠点病院,救命救急,DMAT,NA,137.0828,35.22512
437,23,愛知県,尾張東部,藤田保健衛生大学病院,愛知県豊明市沓掛町田楽ケ窪１番地９８,災害拠点病院,救命救急,DMAT,NA,137.002,35.07034
438,23,愛知県,尾張西部,一宮市立市民病院,愛知県一宮市文京２－２－２２,災害拠点病院,救命救急,DMAT,NA,136.806,35.31266
439,23,愛知県,尾張西部,稲沢厚生病院,愛知県稲沢市祖父江町本甲拾町野７,災害拠点病院,NA,DMAT,NA,136.7324,35.25105
440,23,愛知県,尾張西部,総合大雄会病院,愛知県一宮市桜１－９－９,災害拠点病院,救命救急,DMAT,NA,136.8068,35.30579
441,23,愛知県,尾張北部,春日井市民病院,愛知県春日井市鷹来町１－１－１,災害拠点病院,NA,DMAT,NA,136.969,35.27153
442,23,愛知県,尾張北部,江南厚生病院,愛知県江南市高屋町大松原１３７番地,災害拠点病院,NA,DMAT,NA,136.8782,35.35543
443,23,愛知県,尾張北部,小牧市民病院,愛知県小牧市常普請１－２０,災害拠点病院,救命救急,DMAT,NA,136.9175,35.28769
444,23,愛知県,知多半島,公立 西知多総合病院,愛知県東海市中ノ池三丁目１番地の１,災害拠点病院,NA,NA,NA,136.8991,34.99904
445,23,愛知県,知多半島,知多厚生病院,愛知県知多郡美浜町河和字西谷８１－６,災害拠点病院,NA,DMAT,NA,136.9063,34.77461
446,23,愛知県,知多半島,半田市立半田病院,愛知県半田市東洋町２－２９,災害拠点病院,救命救急,DMAT,NA,136.9394,34.89198
447,23,愛知県,西三河北部,トヨタ記念病院,愛知県豊田市平和町１－１,災害拠点病院,救命救急,DMAT,NA,137.1771,35.05735
448,23,愛知県,西三河北部,豊田厚生病院,愛知県豊田市浄水町伊保原５００－１,災害拠点病院,救命救急,DMAT,NA,137.1343,35.12035
449,23,愛知県,西三河南部,安城更生病院,愛知県安城市安城町東広畔２８,災害拠点病院,救命救急,DMAT,NA,137.0804,34.93859
450,23,愛知県,西三河南部,岡崎市民病院,愛知県岡崎市高隆寺町五所合３番地１,災害拠点病院,救命救急,DMAT,NA,137.2038,34.94966
451,23,愛知県,西三河南部,刈谷豊田総合病院,愛知県刈谷市住吉町５丁目１５番地,災害拠点病院,NA,DMAT,NA,137.0058,34.98394
452,23,愛知県,西三河南部,西尾市民病院,愛知県西尾市熊味町上泡原６,災害拠点病院,NA,DMAT,NA,137.0687,34.87321
453,23,愛知県,東三河北部,新城市民病院,愛知県新城市北畑３２－１,災害拠点病院,NA,DMAT,NA,137.4893,34.89785
454,23,愛知県,東三河南部,豊川市民病院,愛知県豊川市八幡町野路２３,災害拠点病院,NA,DMAT,NA,137.3495,34.82825
455,23,愛知県,東三河南部,豊橋医療センター,愛知県豊橋市飯村町字浜道上５０,災害拠点病院,NA,DMAT,NA,137.4353,34.74569
456,23,愛知県,東三河南部,豊橋市民病院,愛知県豊橋市青竹町字八間西５０,災害拠点病院,救命救急,DMAT,NA,137.3521,34.76119
457,24,三重県,北勢,いなべ総合病院,三重県いなべ市北勢町阿下喜７７１,災害拠点病院,NA,DMAT,NA,136.5137,35.14716
458,24,三重県,北勢,市立四日市病院,三重県四日市市芝田２－２－３７,災害拠点病院,NA,DMAT,NA,136.6088,34.97167
459,24,三重県,北勢,鈴鹿中央総合病院,三重県鈴鹿市安塚町山之花１２７５－５３,災害拠点病院,NA,DMAT,NA,136.57,34.86596
460,24,三重県,北勢,総合医療センター,三重県四日市市日永５４５０－１３２,災害拠点病院,救命救急,DMAT,NA,136.5886,34.94372
461,24,三重県,中勢伊賀,伊賀市立上野総合市民病院,三重県伊賀市四十九町８３１,災害拠点病院,NA,DMAT,NA,136.1317,34.74778
462,24,三重県,中勢伊賀,名張市立病院,三重県名張市百合が丘西１番町１７８,災害拠点病院,NA,DMAT,NA,136.0977,34.60858
463,24,三重県,中勢伊賀,三重大学病院,三重県津市江戸橋２－１７４,災害拠点病院,救命救急,DMAT,NA,136.5237,34.7423
464,24,三重県,南勢志摩,伊勢赤十字病院,三重県伊勢市船江１丁目４７１番２,災害拠点病院,救命救急,DMAT,NA,136.7117,34.50267
465,24,三重県,南勢志摩,済生会松阪総合病院,三重県松阪市朝日町一区１５－６,災害拠点病院,NA,DMAT,NA,136.5372,34.57994
466,24,三重県,南勢志摩,松阪市民病院,三重県松阪市殿町１５５０,災害拠点病院,NA,DMAT,NA,136.5263,34.57738
467,24,三重県,南勢志摩,三重県厚生連 松阪中央総合病院,三重県松阪市川井町小望１０２,災害拠点病院,NA,DMAT,NA,136.5116,34.58246
468,24,三重県,南勢志摩,三重県立志摩病院,三重県志摩市阿児町鵜方１２５７,災害拠点病院,NA,DMAT,NA,136.8188,34.33592
469,24,三重県,東紀州,尾鷲総合病院,三重県尾鷲市上野町５－２５,災害拠点病院,NA,DMAT,NA,136.1886,34.07005
470,25,滋賀県,大津,大津市民病院,滋賀県大津市本宮２－９－９,災害拠点病院,NA,DMAT,NA,135.8764,34.99879
471,25,滋賀県,大津,大津赤十字病院,滋賀県大津市長等1丁目1-35,災害拠点病院,救命救急,DMAT,NA,135.8596,35.0069
472,25,滋賀県,大津,滋賀医大附属病院,滋賀県大津市瀬田月輪町,災害拠点病院,NA,DMAT,NA,135.9509,34.97369
473,25,滋賀県,湖南,草津総合病院,滋賀県草津市矢橋町1660,災害拠点病院,NA,DMAT,NA,135.928,35.01189
474,25,滋賀県,湖南,済生会滋賀県病院,滋賀県栗東市大橋2-4-1,災害拠点病院,救命救急,DMAT,NA,136.0014,35.03349
475,25,滋賀県,甲賀,公立甲賀病院,滋賀県甲賀市水口町松尾1256番地,災害拠点病院,NA,DMAT,NA,136.178,34.98258
476,25,滋賀県,東近江,近江八幡市立総合医療センター,滋賀県近江八幡市土田町1379,災害拠点病院,救命救急,DMAT,NA,136.0869,35.12343
477,25,滋賀県,湖東,彦根市立病院,滋賀県彦根市八坂町1882,災害拠点病院,NA,DMAT,NA,136.2252,35.26243
478,25,滋賀県,湖北,長浜赤十字病院,滋賀県長浜市宮前町14番7号,災害拠点病院,救命救急,DMAT,被ばく,136.2736,35.38365
479,25,滋賀県,湖西,高島市民病院,滋賀県高島市勝野1667,災害拠点病院,NA,DMAT,NA,136.0106,35.29354
480,26,京都府,京都・乙訓,京大病院,京都府京都市左京区聖護院川原町５４,災害拠点病院,NA,DMAT,NA,135.7782,35.01956
481,26,京都府,京都・乙訓,京都医療センター,京都府京都市伏見区深草向畑町１－１,災害拠点病院,救命救急,DMAT,被ばく,135.7737,34.95359
482,26,京都府,京都・乙訓,京都第一赤十字病院,京都府京都市東山区本町１５丁目７４９番地,災害拠点病院,救命救急,DMAT,NA,135.7728,34.98011
483,26,京都府,京都・乙訓,京都市立病院,京都府京都市中京区壬生東高田町１－２,災害拠点病院,NA,DMAT,NA,135.7347,34.99744
484,26,京都府,京都・乙訓,京都第二赤十字病院,京都府京都市上京区釜座通丸太町上ル春帯町355の5,NA,救命救急,DMAT,NA,135.7531,35.01984
485,26,京都府,京都・乙訓,京都府立医科大学附属病院,京都府京都市上京区河原町通広小路上ル梶井町４６,災害拠点病院,NA,DMAT,NA,135.7699,35.02412
486,26,京都府,京都・乙訓,済生会京都府病院,京都府長岡京市今里南平尾８,災害拠点病院,NA,DMAT,NA,135.6825,34.92742
487,26,京都府,京都・乙訓,洛和会音羽病院,京都府京都市山科区音羽珍事町２,災害拠点病院,救命救急,NA,NA,135.8298,34.98755
488,26,京都府,山城北,宇治徳洲会病院,京都府宇治市槇島町石橋１４５番,災害拠点病院,救命救急,DMAT,NA,135.7827,34.89916
489,26,京都府,山城北,第二岡本総合病院,京都府宇治市神明石塚５４－１４,災害拠点病院,NA,DMAT,NA,135.7869,34.88219
490,26,京都府,山城南,京都山城総合医療センター,京都府木津川市木津駅前一丁目２７番地,災害拠点病院,NA,DMAT,NA,135.8237,34.736
491,26,京都府,南丹,公立南丹病院,京都府南丹市八木町八木上野２５,災害拠点病院,NA,DMAT,被ばく,135.5292,35.0697
492,26,京都府,中丹,市立福知山市民病院,京都府福知山市厚中町２３１,災害拠点病院,救命救急,DMAT,被ばく,135.111,35.30356
493,26,京都府,丹後,府立医科大学附属北部医療センター,京都府与謝郡与謝野町男山４８１,災害拠点病院,NA,DMAT,被ばく,135.1659,35.57059
494,27,大阪府,豊能,大阪大学医学部附属病院,大阪府吹田市山田丘２－１５,災害拠点病院,救命救急,DMAT,NA,135.5288,34.81795
495,27,大阪府,豊能,大阪府済生会千里病院,大阪府大阪府吹田市津雲台１丁目１番６号,災害拠点病院,救命救急,DMAT,NA,135.5097,34.7948
496,27,大阪府,三島,大阪医科大学附属病院,大阪府高槻市大学町２番７号,災害拠点病院,NA,DMAT,NA,135.6249,34.85146
497,27,大阪府,三島,大阪府三島救命救急センター,大阪府高槻市南芥川町１１番１号,災害拠点病院,救命救急,DMAT,NA,135.6112,34.84916
498,27,大阪府,北河内,関西医科大学附属滝井病院,大阪府守口市文園町１０－１５,災害拠点病院,救命救急,DMAT,NA,135.5563,34.72872
499,27,大阪府,北河内,関西医科大学附属枚方病院,大阪府枚方市新町２丁目３番１号,災害拠点病院,救命救急,DMAT,NA,135.6453,34.81708
500,27,大阪府,中河内,東大阪市立総合病院,大阪府東大阪市西岩田３丁目４番５号,災害拠点病院,NA,DMAT,NA,135.5981,34.66663
501,27,大阪府,中河内,府立中河内救命救急センター,大阪府東大阪市西岩田３－４－１３,災害拠点病院,救命救急,DMAT,NA,135.5981,34.66663
502,27,大阪府,南河内,近畿大学医学部附属病院,大阪府大阪狭山市大野東３７７－２,災害拠点病院,救命救急,DMAT,NA,135.5476,34.47376
503,27,大阪府,堺,堺市立総合医療センター,大阪府堺市西区家原寺町１－１－１,災害拠点病院,NA,DMAT,NA,135.4711,34.53843
504,27,大阪府,泉州,泉州救命救急センター,大阪府泉佐野市りんくう往来北２－２４,災害拠点病院,救命救急,DMAT,被ばく,135.3131,34.41641
505,27,大阪府,泉州,りんくう総合医療センター,大阪府泉佐野市りんくう往来北２－２３,災害拠点病院,NA,NA,NA,135.3131,34.41641
506,27,大阪府,大阪北,大阪市立総合医療センター,大阪府大阪市都島区都島本通２丁目１３番２２号,災害拠点病院,救命救急,DMAT,NA,135.524,34.70768
507,27,大阪府,大阪西,多根総合病院,大阪府大阪市西区九条南１－１２－２１,災害拠点病院,NA,DMAT,NA,135.474,34.66961
508,27,大阪府,大阪東,国立大阪医療センター,大阪府大阪市中央区法円坂２－１－１４,災害拠点病院,救命救急,DMAT,被ばく,135.5198,34.67983
509,27,大阪府,大阪東,大阪警察病院,大阪府大阪市天王寺区北山町１０－３１,災害拠点病院,救命救急,DMAT,NA,135.522,34.65894
510,27,大阪府,大阪東,大阪赤十字病院,大阪府大阪市天王寺区筆ヶ崎町５－３０,災害拠点病院,救命救急,DMAT,NA,135.5254,34.66481
511,27,大阪府,大阪南,大阪府立急性期・総合医療センター,大阪府大阪市住吉区万代東３－１－５６,災害拠点病院,救命救急,DMAT,NA,135.5047,34.6165
512,27,大阪府,大阪南,市立大学医学部附属病院,大阪府大阪市阿倍野区旭町１－５－７,災害拠点病院,NA,DMAT,NA,135.509,34.64698
513,28,兵庫県,神戸,神戸市立中央市民病院,兵庫県神戸市中央区港島南町２丁目１番１号,災害拠点病院,救命救急,DMAT,NA,135.2144,34.65988
514,28,兵庫県,神戸,神戸赤十字病院,兵庫県神戸市中央区脇浜海岸通１－３－１,災害拠点病院,NA,DMAT,NA,135.2124,34.69614
515,28,兵庫県,神戸,神戸大学医学部附属病院,兵庫県神戸市中央区楠町７－５－２,災害拠点病院,NA,DMAT,NA,135.171,34.68559
516,28,兵庫県,神戸,兵庫県災害医療センター,兵庫県神戸市中央区脇浜海岸通１－３－１,災害拠点病院,救命救急,DMAT,NA,135.2124,34.69614
517,28,兵庫県,阪神南,兵庫医科大学病院,兵庫県西宮市武庫川町１－１,災害拠点病院,救命救急,DMAT,NA,135.3792,34.71872
518,28,兵庫県,阪神南,兵庫県立尼崎病院,兵庫県尼崎市東大物町１丁目１番１号,NA,NA,DMAT,NA,135.4282,34.71785
519,28,兵庫県,阪神南,兵庫県立西宮病院,兵庫県西宮市六湛寺町１３－９,災害拠点病院,救命救急,DMAT,NA,135.3405,34.73794
520,28,兵庫県,阪神南,兵庫県立尼崎総合医療センター,兵庫県尼崎市東難波町２丁目１７－７７,災害拠点病院,救命救急,DMAT,NA,135.4132,34.73072
521,28,兵庫県,阪神北,宝塚市立病院,兵庫県宝塚市小浜４－５－１,災害拠点病院,NA,DMAT,NA,135.3659,34.80602
522,28,兵庫県,東播磨,兵庫県立加古川医療センター,兵庫県加古川市神野町神野２０３,災害拠点病院,救命救急,DMAT,NA,134.8819,34.77433
523,28,兵庫県,北播磨,西脇市立西脇病院,兵庫県西脇市下戸田６５２－１,災害拠点病院,NA,DMAT,NA,134.9829,34.98809
524,28,兵庫県,中播磨,製鉄記念広畑病院,兵庫県姫路市広畑区夢前町３－１,NA,救命救急,DMAT,NA,134.6406,34.79699
525,28,兵庫県,中播磨,兵庫県立姫路循環器病センター,兵庫県姫路市西庄甲５２０,災害拠点病院,救命救急,DMAT,NA,134.6592,34.83171
526,28,兵庫県,中播磨,姫路医療センター,兵庫県姫路市本町６８,災害拠点病院,NA,DMAT,NA,134.6935,34.84314
527,28,兵庫県,中播磨,姫路赤十字病院,兵庫県姫路市下手野１－１２－１,災害拠点病院,NA,DMAT,NA,134.6473,34.84423
528,28,兵庫県,西播磨,赤穂市民病院,兵庫県赤穂市中広１０９０,災害拠点病院,NA,DMAT,NA,134.3905,34.74315
529,28,兵庫県,但馬,公立豊岡病院,兵庫県豊岡市戸牧 １０９４,災害拠点病院,救命救急,DMAT,NA,134.8022,35.52605
530,28,兵庫県,但馬,公立八鹿病院,兵庫県養父市八鹿町八鹿１８７８－１,災害拠点病院,NA,DMAT,NA,134.7732,35.40504
531,28,兵庫県,丹波,兵庫県立柏原病院,兵庫県丹波市柏原町柏原５２０８－１,災害拠点病院,NA,DMAT,NA,135.0651,35.12556
532,28,兵庫県,淡路,兵庫県立淡路医療センター,兵庫県洲本市塩屋１－１－１３７,災害拠点病院,救命救急,DMAT,NA,134.8985,34.34811
533,29,奈良県,奈良,県立奈良病院救命救急センター,奈良県奈良市平松１丁目３０番１号,NA,救命救急,NA,NA,135.7743,34.67918
534,29,奈良県,奈良,市立奈良病院（災害拠点病院）,奈良県奈良市東紀寺町１－５０－１,災害拠点病院,NA,DMAT,NA,135.8352,34.67278
535,29,奈良県,奈良,奈良県総合医療センター（災害拠点病院）,奈良県奈良市平松１丁目３０番１号,災害拠点病院,NA,DMAT,NA,135.7743,34.67918
536,29,奈良県,東和,済生会中和病院（災害拠点病院）,奈良県桜井市阿部３２３,災害拠点病院,NA,DMAT,NA,135.8393,34.50726
537,29,奈良県,西和,近畿大学医学部奈良病院（災害拠点病院）,奈良県生駒市乙田町１２４８番－１,災害拠点病院,NA,DMAT,NA,135.7206,34.65321
538,29,奈良県,西和,近畿大学医学部奈良病院救命救急センター,奈良県生駒市乙田町１２４８番－１,NA,救命救急,NA,NA,135.7206,34.65321
539,29,奈良県,西和,奈良県西和医療センター,奈良県生駒郡三郷町三室１－１４－１６,NA,NA,DMAT,NA,135.7102,34.60152
540,29,奈良県,中和,県立医科大学附属病院救命救急センター,奈良県橿原市四条町８４０,NA,救命救急,NA,NA,135.7927,34.50378
541,29,奈良県,中和,奈良県立医科大学附属病院（災害拠点病院）,奈良県橿原市四条町８４０,災害拠点病院,NA,DMAT,NA,135.7927,34.50378
542,29,奈良県,中和,大和高田市立病院（災害拠点病院）,奈良県大和高田市礒野北町１番１号,災害拠点病院,NA,DMAT,NA,135.7369,34.50982
543,29,奈良県,南和,県立五條病院（災害拠点病院）,奈良県五條市野原西５丁目２－５９,災害拠点病院,NA,DMAT,NA,135.6992,34.34123
544,30,和歌山県,和歌山,日本赤十字社和歌山医療センター,和歌山県和歌山市小松原通四丁目２０番地,災害拠点病院,救命救急,DMAT,NA,135.1688,34.22012
545,30,和歌山県,和歌山,独立行政法人労働者健康福祉機構和歌山労災,和歌山県和歌山市木ノ本９３番１,災害拠点病院,NA,DMAT,NA,135.1215,34.2561
546,30,和歌山県,和歌山,和歌山県立医科大学附属病院,和歌山県和歌山市紀三井寺８１１－１,災害拠点病院,救命救急,DMAT,NA,135.1819,34.18866
547,30,和歌山県,那賀,公立那賀病院,和歌山県紀の川市打田１２８２,災害拠点病院,NA,DMAT,NA,135.3664,34.26302
548,30,和歌山県,橋本,橋本市民病院,和歌山県橋本市小峰台２－８－１,災害拠点病院,NA,DMAT,NA,135.6363,34.3566
549,30,和歌山県,有田,有田市立病院,和歌山県有田市宮崎町６,災害拠点病院,NA,DMAT,NA,135.1204,34.08105
550,30,和歌山県,御坊,国保日高総合病院,和歌山県御坊市薗１１６－２,災害拠点病院,NA,DMAT,NA,135.1553,33.89559
551,30,和歌山県,田辺,紀南病院,和歌山県田辺市新庄町４６－７０,災害拠点病院,NA,DMAT,NA,135.4046,33.73027
552,30,和歌山県,田辺,白浜はまゆう病院,和歌山県西牟婁郡白浜町１４４７,NA,NA,DMAT,NA,135.3489,33.68197
553,30,和歌山県,田辺,南和歌山医療センター,和歌山県田辺市たきない町２７－１,災害拠点病院,救命救急,DMAT,NA,135.3994,33.70077
554,30,和歌山県,新宮,新宮市立医療センター,和歌山県新宮市蜂伏１８－７,災害拠点病院,NA,DMAT,NA,135.9639,33.68701
555,31,鳥取県,東部,鳥取県立中央病院,鳥取県鳥取市江津７３０,災害拠点病院,救命救急,DMAT,被ばく,134.2118,35.52264
556,31,鳥取県,東部,鳥取赤十字病院,鳥取県鳥取市尚徳町１１７,災害拠点病院,NA,DMAT,NA,134.2364,35.50199
557,31,鳥取県,中部,鳥取県立厚生病院,鳥取県倉吉市東昭和町１５０,災害拠点病院,NA,DMAT,NA,133.8405,35.43602
558,31,鳥取県,西部,鳥取大学医学部附属病院,鳥取県米子市西町３６－１,災害拠点病院,救命救急,DMAT,被ばく,133.3253,35.42899
559,32,島根県,出雲,島根県立中央病院,島根県出雲市姫原（１～４丁目）四丁目１－１,災害拠点病院,救命救急,DMAT,被ばく,132.7548,35.37517
560,32,島根県,出雲,島根大学医学部附属病院,島根県出雲市塩冶町８９－１,災害拠点病院,NA,DMAT,NA,132.7539,35.34681
561,32,島根県,隠岐,隠岐広域連合立隠岐病院,島根県隠岐郡隠岐の島町城北町３５５,災害拠点病院,NA,DMAT,NA,133.3189,36.2158
562,32,島根県,雲南,雲南市立病院,島根県雲南市大東町飯田９６－１,災害拠点病院,NA,DMAT,NA,132.9593,35.32191
563,32,島根県,大田,大田市立病院,島根県大田市大田町吉永１４２８－３,災害拠点病院,NA,DMAT,被ばく,132.5035,35.18164
564,32,島根県,浜田,国立病院機構浜田医療センター,島根県浜田市浅井町７７７－１２,災害拠点病院,救命救急,DMAT,NA,132.0877,34.90314
565,32,島根県,浜田,済生会 江津総合病院,島根県江津市江津町１０１６番地３７,災害拠点病院,NA,DMAT,NA,132.2158,35.01286
566,32,島根県,益田,益田赤十字病院,島根県益田市乙吉町イ１０３－１,災害拠点病院,NA,DMAT,NA,131.8413,34.68367
567,32,島根県,松江,松江市立病院,島根県松江市乃白町３２番地１,災害拠点病院,NA,DMAT,NA,133.0539,35.43845
568,32,島根県,松江,松江赤十字病院,島根県松江市母衣町２００,災害拠点病院,救命救急,DMAT,NA,133.0571,35.47155
569,33,岡山県,県南東部,岡山済生会総合病院,岡山県岡山市北区伊福町１丁目１７番１８号,災害拠点病院,NA,DMAT,NA,133.9174,34.67047
570,33,岡山県,県南東部,岡山市立市民病院,岡山県岡山市北区北長瀬表町三丁目２０番１号,NA,NA,DMAT,NA,133.8844,34.6518
571,33,岡山県,県南東部,岡山大学病院,岡山県岡山市北区鹿田町二丁目５番１号,災害拠点病院,救命救急,DMAT,NA,133.92,34.65062
572,33,岡山県,県南東部,総合病院岡山赤十字病院,岡山県岡山市北区青江二丁目１番１号,災害拠点病院,救命救急,DMAT,NA,133.9235,34.63525
573,33,岡山県,県南東部,独立行政法人国立病院機構岡山医療センター,岡山県岡山市北区田益１７１１－１,災害拠点病院,NA,DMAT,被ばく,133.8991,34.70843
574,33,岡山県,県南西部,川崎医科大学附属病院,岡山県倉敷市松島５７７番地,災害拠点病院,救命救急,DMAT,NA,133.8105,34.63193
575,33,岡山県,県南西部,倉敷中央病院,岡山県倉敷市美和１－１－１,災害拠点病院,救命救急,DMAT,NA,133.7756,34.60209
576,33,岡山県,高梁・新見,医療法人清梁会高梁中央病院,岡山県高梁市南町５３,災害拠点病院,NA,DMAT,NA,133.6125,34.78769
577,33,岡山県,真庭,医療法人社団井口会 総合病院落合病院,岡山県真庭市落合垂水２５１番地,災害拠点病院,NA,DMAT,NA,133.7514,35.01809
578,33,岡山県,津山・英田,津山中央病院,岡山県津山市川崎１７５６,災害拠点病院,救命救急,DMAT,被ばく,134.0372,35.06247
579,34,広島県,広島,安佐市民病院,広島県広島市安佐北区可部南２－１－１,災害拠点病院,NA,DMAT,NA,132.516,34.50587
580,34,広島県,広島,県立広島病院,広島県広島市南区宇品神田１－５－５４,災害拠点病院,救命救急,DMAT,NA,132.4667,34.36704
581,34,広島県,広島,広島市立広島市民病院,広島県広島市中区基町７－３３,災害拠点病院,救命救急,DMAT,NA,132.4599,34.3977
582,34,広島県,広島,広島赤十字・原爆病院,広島県広島市中区千田町１－９－６,災害拠点病院,NA,DMAT,NA,132.4542,34.38085
583,34,広島県,広島,広島大学病院,広島県広島市南区霞１－２－３,災害拠点病院,救命救急,DMAT,NA,132.4799,34.382
584,34,広島県,広島西,ＪＡ広島総合病院,広島県廿日市市地御前１丁目３－３,災害拠点病院,NA,DMAT,NA,132.3236,34.34405
585,34,広島県,広島西,広島西医療センター,広島県大竹市玖波４－１－１,災害拠点病院,NA,DMAT,NA,132.225,34.25209
586,34,広島県,広島中央,東広島医療センター,広島県東広島市西条町寺家５１３,災害拠点病院,NA,DMAT,NA,132.7233,34.44723
587,34,広島県,呉,呉医療センター,広島県呉市青山町３－１,災害拠点病院,救命救急,DMAT,NA,132.5654,34.23918
588,34,広島県,呉,呉共済病院,広島県呉市西中央２－３－２８,災害拠点病院,NA,DMAT,NA,132.5584,34.24876
589,34,広島県,呉,中国労災病院,広島県呉市広多賀谷１－５－１,災害拠点病院,NA,DMAT,NA,132.6139,34.23082
590,34,広島県,尾三,興生総合病院,広島県三原市円一町２丁目５－１,災害拠点病院,NA,DMAT,NA,133.0772,34.3923
591,34,広島県,尾三,ＪＡ尾道総合病院,広島県尾道市平原一丁目１０番２３号,災害拠点病院,NA,DMAT,NA,133.176,34.40771
592,34,広島県,尾三,三原赤十字病院,広島県三原市東町二丁目７番１号,災害拠点病院,NA,DMAT,NA,133.0897,34.40259
593,34,広島県,福山・府中,日本鋼管福山病院,広島県福山市大門町津之下１８４４番地,災害拠点病院,NA,DMAT,NA,133.4338,34.48525
594,34,広島県,福山・府中,福山市民病院,広島県福山市蔵王町五丁目２３番１号,災害拠点病院,救命救急,DMAT,NA,133.3977,34.5106
595,34,広島県,備北,庄原赤十字病院,広島県庄原市西本町二丁目７番１０号,災害拠点病院,NA,DMAT,NA,133.0108,34.85832
596,34,広島県,備北,三次中央病院,広島県三次市東酒屋町字敦盛５３１番地,災害拠点病院,NA,DMAT,NA,132.8676,34.7821
597,35,山口県,岩国,岩国市医療センター医師会病院,山口県岩国市室の木町３丁目６－１２,災害拠点病院,NA,DMAT,NA,132.2069,34.171
598,35,山口県,岩国,独立行政法人 国立病院機構 岩国医療センター,山口県岩国市愛宕町１－１－１,災害拠点病院,救命救急,DMAT,NA,132.2037,34.14392
599,35,山口県,柳井,ＪＡ山口厚生連 周東総合病院,山口県柳井市古開作１０００－１,災害拠点病院,NA,DMAT,NA,132.0953,33.9597
600,35,山口県,周南,徳山中央病院,山口県周南市孝田町１番１号,災害拠点病院,救命救急,DMAT,NA,131.8343,34.04772
601,35,山口県,山口,済生会山口総合病院,山口県山口市緑町２－１１,NA,NA,DMAT,NA,131.4671,34.17118
602,35,山口県,山口,山口赤十字病院,山口県山口市八幡馬場 ５３－１,災害拠点病院,NA,DMAT,NA,131.482,34.18509
603,35,山口県,山口,三田尻病院,山口県防府市お茶屋町３－２７,災害拠点病院,NA,DMAT,NA,131.5731,34.04652
604,35,山口県,山口,山口県立総合医療センター,山口県防府市大字大崎７７番地,災害拠点病院,救命救急,DMAT,NA,131.5421,34.06599
605,35,山口県,宇部・小野田,宇部興産中央病院,山口県宇部市大字西岐波７５０,NA,NA,DMAT,NA,131.3304,33.96707
606,35,山口県,宇部・小野田,山口大学病院,山口県宇部市南小串１丁目１番１号,NA,救命救急,DMAT,NA,131.2494,33.95947
607,35,山口県,宇部・小野田,山口労災病院,山口県山陽小野田市大字小野田１３１５－４,災害拠点病院,NA,DMAT,NA,131.1832,33.98509
608,35,山口県,下関,関門医療センター,山口県下関市長府外浦町１－１,災害拠点病院,救命救急,DMAT,NA,130.9936,33.98931
609,35,山口県,下関,下関市立市民病院,山口県下関市向洋町１丁目１３番１号,災害拠点病院,NA,DMAT,NA,130.9305,33.9673
610,35,山口県,下関,山口県済生会下関総合病院,山口県下関市安岡町８丁目５番１号,災害拠点病院,NA,DMAT,NA,130.9326,34.03102
611,35,山口県,長門,ＪＡ山口厚生連長門総合病院,山口県長門市東深川８５,災害拠点病院,NA,DMAT,NA,131.1954,34.3737
612,35,山口県,萩,医療法人医誠会 都志見病院,山口県萩市江向４１３番地１,災害拠点病院,NA,DMAT,NA,131.4012,34.40642
613,36,徳島県,西部1,つるぎ町立半田病院,徳島県美馬郡つるぎ町半田字中藪２３４番地１,災害拠点病院,NA,DMAT,NA,134.0371,34.03969
614,36,徳島県,西部1,ホウエツ病院,徳島県美馬市脇町大字猪尻字八幡神社下南１３０－,NA,NA,DMAT,NA,134.1565,34.06399
615,36,徳島県,西部2,徳島県立三好病院,徳島県三好市池田町シマ８１５－２,災害拠点病院,救命救急,DMAT,NA,133.8175,34.02841
616,36,徳島県,東部1,田岡病院,徳島県徳島市万代町４丁目２－２,NA,NA,DMAT,NA,134.5639,34.06538
617,36,徳島県,東部1,徳島県鳴門病院,徳島県鳴門市撫養町黒崎字小谷３２,災害拠点病院,NA,DMAT,NA,134.5946,34.18267
618,36,徳島県,東部1,徳島県立中央病院,徳島県徳島市蔵本町１－１０－３,災害拠点病院,救命救急,DMAT,NA,134.5204,34.07658
619,36,徳島県,東部1,徳島市民病院,徳島県徳島市北常三島町２－３４,災害拠点病院,NA,DMAT,NA,134.5623,34.08176
620,36,徳島県,東部1,徳島大学病院,徳島県徳島市蔵本町２丁目５０番地の１,災害拠点病院,NA,DMAT,NA,134.5183,34.07613
621,36,徳島県,東部2,ＪＡ徳島厚生連 吉野川医療センター,徳島県吉野川市鴨島町知恵島字西知恵島１２０,災害拠点病院,NA,DMAT,NA,34.07525,34.07525
622,36,徳島県,南部1,阿南医師会中央病院,徳島県阿南市宝田町川原２,災害拠点病院,NA,DMAT,NA,134.6474,33.92393
623,36,徳島県,南部1,阿南共栄病院,徳島県阿南市羽ノ浦町中庄蔵ノホケ３６番地,NA,NA,DMAT,NA,134.627,33.95516
624,36,徳島県,南部1,徳島赤十字病院,徳島県小松島市小松島町字井利ノ口１０３番,災害拠点病院,救命救急,DMAT,NA,134.5834,34.01237
625,36,徳島県,南部2,海南町国民健康保険海南病院,海部郡海陽町四方原字広谷16-1,災害拠点病院,NA,NA,NA,134.3551,33.61414
626,36,徳島県,南部2,徳島県立海部病院,徳島県海部郡牟岐町中村字本村７５－１,災害拠点病院,NA,DMAT,NA,134.4197,33.67092
627,37,香川県,大川,さぬき市民病院,香川県さぬき市寒川町石田東甲387-1,災害拠点病院,NA,DMAT,NA,134.2037,34.26697
628,37,香川県,小豆,内海病院,香川県小豆郡小豆島町片城甲44-95,災害拠点病院,NA,DMAT,NA,134.3099,34.4785
629,37,香川県,高松,香川県立中央病院,香川県高松市朝日町1丁目2-1,災害拠点病院,救命救急,DMAT,NA,134.0622,34.34929
630,37,香川県,高松,香川大学医学部附属病院,香川県木田郡三木町池戸1750-1,災害拠点病院,救命救急,DMAT,NA,134.1214,34.294
631,37,香川県,高松,高松赤十字病院,香川県高松市番町4丁目1-3,災害拠点病院,NA,DMAT,NA,134.0433,34.34045
632,37,香川県,中讃,香川労災病院,香川県丸亀市城東町３丁目３－１,災害拠点病院,NA,DMAT,NA,133.8054,34.28833
633,37,香川県,中讃,四国こどもとおとなの医療センター,香川県善通寺市仙遊町2丁目1番1号,災害拠点病院,NA,DMAT,NA,133.7716,34.22908
634,37,香川県,中讃,善通寺病院,香川県善通寺市仙遊町2丁目1番1号,災害拠点病院,NA,DMAT,NA,133.7716,34.22908
635,37,香川県,中讃,総合病院回生病院,香川県坂出市室町三丁目5番28号,災害拠点病院,NA,DMAT,NA,133.8618,34.31733
636,37,香川県,三豊,三豊総合病院,香川県観音寺市豊浜町姫浜708,災害拠点病院,NA,DMAT,NA,133.6422,34.08192
637,38,愛媛県,宇摩,四国中央病院,愛媛県四国中央市川之江町２２３３,災害拠点病院,NA,DMAT,NA,133.5816,34.01102
638,38,愛媛県,新居浜・西条,県立新居浜病院,愛媛県新居浜市本郷３－１－１,災害拠点病院,救命救急,DMAT,NA,133.2799,33.93296
639,38,愛媛県,今治,県立今治病院,愛媛県今治市石井町４－５－５,災害拠点病院,NA,DMAT,NA,132.9874,34.08621
640,38,愛媛県,松山,愛媛大学病院,愛媛県東温市志津川,災害拠点病院,NA,DMAT,被ばく,132.8786,33.80248
641,38,愛媛県,松山,県立中央病院,愛媛県松山市春日町８３,災害拠点病院,救命救急,DMAT,被ばく,132.765,33.83176
642,38,愛媛県,松山,松山赤十字病院,愛媛県松山市文京町１番地,災害拠点病院,NA,DMAT,被ばく,132.7742,33.84846
643,38,愛媛県,八幡浜・大洲,市立八幡浜総合病院,愛媛県八幡浜市大平１番耕地６３８番地,災害拠点病院,NA,DMAT,被ばく,132.4252,33.46886
644,38,愛媛県,宇和島,市立宇和島病院,愛媛県宇和島市御殿町１－１,災害拠点病院,救命救急,DMAT,NA,132.5656,33.21627
645,39,高知県,高知市,愛宕病院,高知県高知市愛宕町１丁目1番１３号,NA,NA,DMAT,NA,133.5375,33.56536
646,39,高知県,高知市,高知医療センター,高知県高知市池２１２５番地１,災害拠点病院,救命救急,DMAT,NA,133.5938,33.53326
647,39,高知県,高知市,高知赤十字病院,高知県高知市新本町２－１３－５１,災害拠点病院,救命救急,DMAT,NA,133.5471,33.56893
648,39,高知県,高知市,国立病院機構高知病院,高知県高知市朝倉西町 1丁目2番25号,災害拠点病院,NA,DMAT,NA,133.4827,33.54275
649,39,高知県,高知市,近森病院,高知県高知市大川筋一丁目１番１６号,災害拠点病院,救命救急,DMAT,NA,133.5421,33.56448
650,39,高知県,高知市,図南病院,高知県高知市知寄町１－５－１５,NA,NA,DMAT,NA,133.5559,33.55878
651,39,高知県,安芸,あき総合病院,高知県安芸市宝永町３の３３,災害拠点病院,NA,DMAT,NA,133.8975,33.50626
652,39,高知県,中央東,高知大学医学部附属病院,高知県南国市岡豊町小蓮１８５番地１,災害拠点病院,NA,DMAT,NA,133.6127,33.59406
653,39,高知県,中央東,ＪＡ高知病院,高知県南国市明見字中野526-1,災害拠点病院,NA,DMAT,NA,133.6232,33.57001
654,39,高知県,中央西,土佐市民病院,高知県土佐市高岡町甲１８６７,NA,NA,DMAT,NA,133.4235,33.49452
655,39,高知県,中央西,仁淀病院,高知県吾川郡いの町１３６９,災害拠点病院,NA,DMAT,NA,133.4336,33.54711
656,39,高知県,高幡,須崎くろしお病院,高知県須崎市緑町４－３０,災害拠点病院,NA,DMAT,NA,133.2903,33.41193
657,39,高知県,高幡,くぼかわ病院,高知県高岡郡四万十町見付９０２－１,災害拠点病院,NA,DMAT,NA,133.1611,33.19826
658,39,高知県,幡多,大井田病院,高知県宿毛市中央８－３－６,NA,NA,DMAT,NA,132.7316,32.93589
659,39,高知県,幡多,幡多けんみん病院,高知県宿毛市山奈町芳奈３－１,災害拠点病院,NA,DMAT,NA,132.8039,32.9663
660,39,高知県,幡多,渭南病院,高知県土佐清水市越前町６－１,NA,NA,DMAT,NA,132.9508,32.78156
661,39,高知県,幡多,四万十市立市民病院,高知県四万十市中村東町１－１－２７,NA,NA,DMAT,NA,132.9374,32.99347
662,40,福岡県,福岡・糸島,九州医療センター,福岡県福岡市中央区地行浜１丁目８－１,災害拠点病院,NA,DMAT,NA,130.3609,33.59256
663,40,福岡県,福岡・糸島,九州大学病院,福岡県福岡市東区馬出３丁目１－１,災害拠点病院,救命救急,DMAT,NA,130.4159,33.60661
664,40,福岡県,福岡・糸島,福岡記念病院,福岡県福岡市早良区西新１丁目１－３５,災害拠点病院,NA,DMAT,NA,130.363,33.58469
665,40,福岡県,福岡・糸島,福岡県済生会福岡総合病院,福岡県福岡市中央区天神１丁目３－４６,災害拠点病院,救命救急,DMAT,NA,130.402,33.58928
666,40,福岡県,福岡・糸島,福岡赤十字病院,福岡県福岡市南区大楠３丁目１－１,災害拠点病院,NA,DMAT,NA,130.414,33.57222
667,40,福岡県,福岡・糸島,福岡大学病院,福岡県福岡市城南区七隈七丁目４５番１号,災害拠点病院,救命救急,DMAT,NA,130.3591,33.54733
668,40,福岡県,福岡・糸島,福岡和白病院,福岡県福岡市東区和白丘２丁目２－７５,災害拠点病院,NA,DMAT,NA,130.4341,33.69186
669,40,福岡県,粕屋,福岡青洲会病院,福岡県糟屋郡粕屋町長者原西四丁目１１番８号,災害拠点病院,NA,DMAT,NA,130.4623,33.62013
670,40,福岡県,粕屋,福岡東医療センター,福岡県古賀市千鳥１－１－１,災害拠点病院,NA,DMAT,NA,130.4734,33.74154
671,40,福岡県,筑紫,福岡県済生会二日市病院,福岡県筑紫野市湯町三丁目１３番１号,災害拠点病院,NA,DMAT,NA,130.5157,33.48867
672,40,福岡県,甘木・朝倉,朝倉医師会病院,福岡県朝倉市来春４２２－１,災害拠点病院,NA,DMAT,NA,130.6654,33.41087
673,40,福岡県,久留米,久留米大学病院,福岡県久留米市旭町６７番地,災害拠点病院,救命救急,DMAT,NA,130.5114,33.32809
674,40,福岡県,久留米,聖マリア病院,福岡県久留米市津福本町４２２番地,災害拠点病院,救命救急,DMAT,NA,130.5078,33.30597
675,40,福岡県,有明,大牟田市立病院,福岡県大牟田市宝坂町２－１９ー１,災害拠点病院,NA,DMAT,NA,130.445,33.02414
676,40,福岡県,飯塚,飯塚病院,福岡県飯塚市芳雄町３－８３,災害拠点病院,救命救急,DMAT,NA,130.6911,33.64195
677,40,福岡県,田川,田川市立病院,福岡県田川市大字糒１７００番地２,災害拠点病院,NA,DMAT,NA,130.8003,33.65635
678,40,福岡県,北九州,大手町病院,福岡県北九州市小倉北区大手町１５番１号,災害拠点病院,NA,DMAT,NA,130.8725,33.87492
679,40,福岡県,北九州,北九州市立医療センター,福岡県北九州市小倉北区馬借二丁目１番１号,災害拠点病院,NA,DMAT,NA,130.8787,33.87921
680,40,福岡県,北九州,北九州市立八幡病院,福岡県北九州市八幡東区西本町四丁目１８番１号,災害拠点病院,救命救急,DMAT,NA,130.7938,33.86494
681,40,福岡県,北九州,北九州総合病院,福岡県北九州市小倉南区湯川五丁目１０番１０号,災害拠点病院,救命救急,DMAT,NA,130.9066,33.84507
682,40,福岡県,北九州,産業医科大学病院,福岡県北九州市八幡西区医生ヶ丘１番１号,災害拠点病院,NA,DMAT,NA,130.7107,33.87408
683,40,福岡県,北九州,新小文字病院,福岡県北九州市門司区大里新町２－５,災害拠点病院,NA,NA,NA,130.9265,33.8974
684,40,福岡県,北九州,ＪＣＨＯ 九州病院,福岡県北九州市八幡西区岸の浦一丁目８番１号,災害拠点病院,NA,DMAT,NA,130.7659,33.85887
685,40,福岡県,京築,小波瀬病院,福岡県京都郡苅田町大字新津１５９８,災害拠点病院,NA,DMAT,NA,130.9716,33.75551
686,40,福岡県,京築,新行橋病院,福岡県行橋市道場寺１４１１番地,災害拠点病院,NA,DMAT,NA,131.0134,33.6942
687,41,佐賀県,中部,佐賀県医療センター好生館,佐賀県佐賀市嘉瀬町大字中原４００,災害拠点病院,救命救急,DMAT,被ばく,130.2687,33.24146
688,41,佐賀県,中部,佐賀県医療センター好生館,佐賀県佐賀市嘉瀬町大字中原４００,災害拠点病院,救命救急,DMAT,被ばく,130.2687,33.24146
689,41,佐賀県,中部,佐賀大学医学部附属病院,佐賀県佐賀市鍋島５丁目１番１号,災害拠点病院,救命救急,DMAT,NA,130.2644,33.28466
690,41,佐賀県,中部,多久市立病院,佐賀県多久市多久町１７７１番地４,災害拠点病院,NA,DMAT,NA,130.0905,33.26058
691,41,佐賀県,東部,やよいがおか鹿毛病院,佐賀県鳥栖市弥生が丘2-143,災害拠点病院,NA,DMAT,NA,130.523,33.40511
692,41,佐賀県,北部,唐津赤十字病院,佐賀県唐津市二夕子１－５－１,災害拠点病院,救命救急,DMAT,被ばく,129.958,33.45632
693,41,佐賀県,西部,伊万里有田共立病院,佐賀県西松浦郡有田町二ノ瀬甲860番地,災害拠点病院,NA,DMAT,NA,129.851,33.23966
694,41,佐賀県,南部,ＮＨＯ嬉野医療センター,佐賀県嬉野市嬉野町大字下宿丙２４３６,災害拠点病院,救命救急,DMAT,NA,129.9785,33.09889
695,41,佐賀県,南部,白石共立病院,佐賀県杵島郡白石町福田１２９６番地,災害拠点病院,NA,DMAT,NA,130.1406,33.18147
696,42,長崎県,長崎,原爆病院,長崎県長崎市茂里町３－１５,NA,NA,DMAT,NA,129.8621,32.76728
697,42,長崎県,長崎,済生会長崎病院,長崎県長崎市片淵２丁目５番１号,災害拠点病院,NA,DMAT,NA,129.8868,32.75629
698,42,長崎県,長崎,長崎大学病院,長崎県長崎市坂本１丁目７番１号,災害拠点病院,救命救急,DMAT,NA,129.8687,32.76959
699,42,長崎県,長崎,長崎みなとメディカルセンター,長崎県長崎市新地町６－３９,災害拠点病院,NA,DMAT,NA,129.8743,32.74051
700,42,長崎県,佐世保県北,佐世保市総合病院,長崎県佐世保市平瀬町９－３,災害拠点病院,救命救急,DMAT,NA,129.715,33.16941
701,42,長崎県,佐世保県北,長崎労災病院,長崎県佐世保市瀬戸越２丁目１２番５号,災害拠点病院,NA,DMAT,被ばく,129.7323,33.20966
702,42,長崎県,佐世保県北,北松中央病院,長崎県佐世保市江迎町赤坂２９９,災害拠点病院,NA,DMAT,NA,129.6393,33.29805
703,42,長崎県,県央,諫早総合病院,長崎県諫早市永昌東町２４－１,災害拠点病院,NA,DMAT,NA,130.0413,32.85691
704,42,長崎県,県央,長崎医療センター,長崎県大村市久原２丁目１００１－１,災害拠点病院,救命救急,DMAT,NA,129.9731,32.89768
705,42,長崎県,県央,長崎川棚医療センタ－,長崎県東彼杵郡川棚町下組郷２００５－１,NA,NA,DMAT,NA,129.8565,33.06977
706,42,長崎県,県南,長崎県島原病院,長崎県島原市下川尻町７８９５,災害拠点病院,NA,DMAT,NA,130.3687,32.77017
707,42,長崎県,五島,五島中央病院,長崎県五島市吉久木町２０５,災害拠点病院,NA,DMAT,NA,128.8174,32.69085
708,42,長崎県,上五島,長崎県上五島病院,長崎県南松浦郡新上五島町青方郷１５４９番地１１,災害拠点病院,NA,DMAT,NA,129.07,32.98276
709,42,長崎県,壱岐,壱岐市民病院,長崎県壱岐市郷ノ浦町東触１６２６番地,災害拠点病院,NA,DMAT,NA,129.709,33.75777
710,42,長崎県,対馬,長崎県対馬病院,長崎県対馬市美津島町?知乙1168番7,災害拠点病院,NA,DMAT,NA,129.3184,34.28502
711,43,熊本県,熊本,熊本赤十字病院,熊本県熊本市東区長嶺南２－１－１,災害拠点病院,救命救急,DMAT,NA,130.7636,32.80827
712,43,熊本県,熊本,熊本大学医学部附属病院,熊本県熊本市中央区本荘１－１－１,NA,NA,DMAT,NA,130.7116,32.79683
713,43,熊本県,熊本,国立病院機構熊本医療センター,熊本県熊本市中央区二の丸１－５,災害拠点病院,救命救急,DMAT,NA,130.7017,32.8036
714,43,熊本県,熊本,社会福祉法人恩賜財団済生会熊本病院,熊本県熊本市南区近見５－３－１,災害拠点病院,救命救急,DMAT,NA,130.7012,32.76585
715,43,熊本県,有明,公立玉名中央病院,熊本県玉名市中１９５０,災害拠点病院,NA,DMAT,NA,130.55,32.93162
716,43,熊本県,鹿本,山鹿市民医療センター,熊本県山鹿市山鹿５１１,災害拠点病院,NA,DMAT,NA,130.6986,33.01531
717,43,熊本県,菊池,川口病院,熊本県菊池市隈府８２３－１,災害拠点病院,NA,DMAT,NA,130.8119,32.9759
718,43,熊本県,阿蘇,阿蘇医療センター,熊本県阿蘇市黒川１２６６,災害拠点病院,NA,DMAT,NA,131.0834,32.93589
719,43,熊本県,上益城,矢部広域病院,熊本県上益城郡山都町下馬尾２０４,災害拠点病院,NA,DMAT,NA,130.9844,32.68479
720,43,熊本県,宇城,宇城総合病院,熊本県宇城市松橋町久具６９１,災害拠点病院,NA,DMAT,NA,130.6964,32.65075
721,43,熊本県,八代,熊本労災病院,熊本県八代市竹原町１６７０,災害拠点病院,NA,DMAT,NA,130.6274,32.51605
722,43,熊本県,芦北,国保水俣市立総合医療センター,熊本県水俣市天神町１－２－１,災害拠点病院,NA,DMAT,NA,130.4057,32.21001
723,43,熊本県,球磨,独立行政法人地域医療機能推進機構人吉医療センター,熊本県人吉市老神町３５,災害拠点病院,NA,DMAT,NA,130.759,32.20932
724,43,熊本県,天草,上天草総合病院,熊本県上天草市龍ケ岳町高戸１４１９－１９,災害拠点病院,NA,DMAT,NA,130.391,32.39343
725,43,熊本県,天草,独立行政法人地域医療機能推進機構天草中央総合病院,熊本県天草市東町１０１,災害拠点病院,NA,DMAT,NA,130.2002,32.44954
726,44,大分県,東国東,国東市民病院,大分県国東市安岐町下原１４５６番地,災害拠点病院,NA,DMAT,NA,131.721,33.46855
727,44,大分県,別杵速見,大分県厚生連鶴見病院,大分県別府市大字鶴見４３３３番地,NA,NA,DMAT,NA,131.49,33.29752
728,44,大分県,別杵速見,国家公務員共済組合連合会 新別府病院,大分県別府市大字鶴見３８９８番地,災害拠点病院,NA,DMAT,NA,131.4771,33.29851
729,44,大分県,別杵速見,独立行政法人国立病院機構 別府医療センタ,大分県別府市大字内竃１４７３番地,NA,NA,DMAT,NA,131.4868,33.3316
730,44,大分県,大分,大分市医師会立アルメイダ病院,大分県大分市大字宮崎１５０９-２,災害拠点病院,救命救急,DMAT,NA,131.6085,33.19346
731,44,大分県,大分,独立行政法人国立病院機構 大分医療センタ,大分県大分市横田２丁目１１番４５号,NA,NA,DMAT,NA,131.7211,33.25226
732,44,大分県,大分,大分岡病院,大分県大分市西鶴崎３丁目７－１１,NA,NA,DMAT,NA,131.686,33.24013
733,44,大分県,大分,大分県立病院,大分県大分市大字豊饒４７６番地,災害拠点病院,救命救急,DMAT,NA,131.5992,33.20694
734,44,大分県,大分,社会医療法人三愛会 大分三愛メディカルセ,大分県大分市大字市１２１３番地,NA,NA,DMAT,NA,131.5756,33.18633
735,44,大分県,大分,大分赤十字病院,大分県大分市千代町３丁目２番３７号,災害拠点病院,NA,DMAT,NA,131.6045,33.24364
736,44,大分県,大分,大分大学医学部附属病院,大分県由布市挾間町医大ケ丘１丁目１番地,災害拠点病院,救命救急,DMAT,NA,131.5346,33.21032
737,44,大分県,大分,社会医療法人 恵愛会 大分中村病院,大分県大分市大手町３丁目２番４３号,NA,NA,DMAT,NA,131.6136,33.2382
738,44,大分県,大分,社会医療法人財団 天心堂 へつぎ病院,大分県大分市大字中戸次字二本木５９５６番,NA,NA,DMAT,NA,131.661,33.15535
739,44,大分県,大分,社会医療法人関愛会 佐賀関病院,大分県大分市大字佐賀関７５０番地の８８,NA,NA,DMAT,NA,131.8663,33.24985
740,44,大分県,臼津,臼杵市医師会立 コスモス病院,大分県臼杵市大字戸室字長谷１１３１番地１,災害拠点病院,NA,DMAT,NA,131.7789,33.12342
741,44,大分県,佐伯,南海医療センター,大分県佐伯市常盤西町１１番２０号,災害拠点病院,NA,DMAT,NA,131.9001,32.96549
742,44,大分県,大野,豊後大野市民病院,大分県豊後大野市緒方町馬場２７６番地,災害拠点病院,NA,DMAT,NA,131.4761,32.96984
743,44,大分県,竹田直入,竹田医師会病院,大分県竹田市大字拝田原４４８番地,災害拠点病院,NA,DMAT,NA,131.38,32.95844
744,44,大分県,日田玖珠,大分県済生会日田病院,大分県日田市大字三和６４３番地の７,災害拠点病院,NA,DMAT,NA,130.9412,33.34509
745,44,大分県,中津下毛,中津市立中津市民病院,大分県中津市大字下池永１７３番地,災害拠点病院,NA,DMAT,NA,131.2162,33.58984
746,44,大分県,宇佐高田,宇佐高田医師会病院,大分県宇佐市大字南宇佐６３５番地,災害拠点病院,NA,DMAT,NA,131.3862,33.52738
747,45,宮崎県,宮崎東諸県,県立宮崎病院,宮崎県宮崎市北高松町５番３０号,災害拠点病院,救命救急,DMAT,NA,131.4168,31.91693
748,45,宮崎県,宮崎東諸県,宮崎市郡医師会病院,宮崎県宮崎市新別府町船戸７３８番地１,災害拠点病院,NA,DMAT,NA,131.4561,31.92427
749,45,宮崎県,宮崎東諸県,宮崎大学医学部附属病院,宮崎県宮崎市清武町木原５２００,災害拠点病院,救命救急,DMAT,NA,131.3991,31.84022
750,45,宮崎県,都城北諸県,都城市郡医師会病院,宮崎県都城市太郎坊町１３６４番地１,災害拠点病院,NA,DMAT,NA,131.0869,31.78038
751,45,宮崎県,延岡西臼杵,医療法人久康会平田東九州病院,宮崎県延岡市伊形町４７９1番地,NA,NA,DMAT,NA,131.6703,32.53222
752,45,宮崎県,延岡西臼杵,宮崎県立延岡病院,宮崎県延岡市新小路２丁目１番地１０,災害拠点病院,救命救急,DMAT,NA,131.6662,32.57032
753,45,宮崎県,日向入郷,医療法人誠和会 和田病院,宮崎県日向市向江町１丁目１９６番地１,災害拠点病院,NA,DMAT,NA,131.629,32.42924
754,45,宮崎県,日向入郷,社会医療法人泉和会 千代田病院,宮崎県日向市大字日知屋字古田町８８番地,災害拠点病院,NA,DMAT,NA,131.6501,32.42401
755,45,宮崎県,日向入郷,宮崎県済生会日向病院,宮崎県東臼杵郡門川町南町４丁目１２８番地,災害拠点病院,NA,DMAT,NA,131.6479,32.45821
756,45,宮崎県,西都児湯,医療法人財団西都児湯医療センター,宮崎県西都市大字妻１５５０番地,災害拠点病院,NA,DMAT,NA,131.3987,32.1069
757,45,宮崎県,日南・串間,県立日南病院,宮崎県日南市木山１丁目９番５号,災害拠点病院,NA,DMAT,NA,131.3947,31.59097
758,45,宮崎県,西諸,小林市立病院,宮崎県小林市細野２２３５番地３,災害拠点病院,NA,DMAT,NA,130.9856,31.98871
759,46,鹿児島県,鹿児島,鹿児島市医師会病院,鹿児島県鹿児島市鴨池新町７番１号,災害拠点病院,NA,DMAT,NA,130.5565,31.55957
760,46,鹿児島県,鹿児島,鹿児島市立病院,鹿児島県鹿児島市上荒田町３７－１,災害拠点病院,救命救急,DMAT,NA,130.5423,31.57432
761,46,鹿児島県,鹿児島,鹿児島赤十字病院,鹿児島県鹿児島市平川町２５４５番地,災害拠点病院,NA,DMAT,NA,130.5131,31.46061
762,46,鹿児島県,鹿児島,鹿児島大学病院,鹿児島県鹿児島市桜ケ丘八丁目３５番１号,NA,救命救急,DMAT,被ばく,130.5266,31.54806
763,46,鹿児島県,鹿児島,鹿児島徳洲会病院,鹿児島県鹿児島市下荒田三丁目８番１号,NA,NA,DMAT,NA,130.5557,31.57178
764,46,鹿児島県,鹿児島,米盛病院,鹿児島県鹿児島市与次郎１－７－１,NA,NA,DMAT,NA,130.5652,31.56863
765,46,鹿児島県,奄美,鹿児島県立大島病院,鹿児島県奄美市名瀬真名津町１８－１,災害拠点病院,NA,DMAT,NA,129.5008,28.36678
766,46,鹿児島県,姶良・伊佐,鹿児島県立北薩病院,鹿児島県伊佐市大口宮人５０２－４,災害拠点病院,NA,DMAT,NA,130.579,32.02812
767,46,鹿児島県,姶良・伊佐,霧島医療センター,鹿児島県霧島市隼人町松永３３２０番地,NA,NA,DMAT,NA,130.7597,31.7774
768,46,鹿児島県,川薩,済生会川内病院,鹿児島県薩摩川内市原田町２番４６号,災害拠点病院,NA,DMAT,被ばく,130.306,31.82718
769,46,鹿児島県,肝属,鹿屋医療センター,鹿児島県鹿屋市札元一丁目８番８号,災害拠点病院,NA,DMAT,NA,130.8701,31.39202
770,46,鹿児島県,熊毛,田上病院,鹿児島県西之表市西之表７４６３番地,災害拠点病院,NA,DMAT,NA,130.9999,30.73567
771,46,鹿児島県,曽於,曽於医師会立病院,鹿児島県曽於市大隅町月野８９４,災害拠点病院,NA,DMAT,NA,131.0298,31.57517
772,46,鹿児島県,出水,出水総合医療センター,鹿児島県出水市明神町５２０番地,災害拠点病院,NA,DMAT,NA,130.3343,32.11724
773,46,鹿児島県,南薩,鹿児島県立薩南病院,鹿児島県南さつま市加世田高橋１９６８－４,災害拠点病院,NA,DMAT,NA,130.2951,31.43649
774,47,沖縄県,北部,県立北部病院,沖縄県名護市大中２－１２－３,災害拠点病院,NA,DMAT,NA,127.9867,26.59232
775,47,沖縄県,中部,県立中部病院,沖縄県うるま市字宮里２８１,災害拠点病院,救命救急,DMAT,NA,127.8355,26.35395
776,47,沖縄県,中部,中部徳洲会病院,沖縄県沖縄市照屋３－２０－１,NA,NA,DMAT,NA,127.8135,26.33072
777,47,沖縄県,中部,中頭病院,沖縄県沖縄市知花６丁目２５番５号,NA,NA,DMAT,NA,127.8166,26.3639
778,47,沖縄県,中部,ハートライフ病院,沖縄県中頭郡中城村字伊集２０８,NA,NA,DMAT,NA,127.77,26.24098
779,47,沖縄県,南部,浦添総合病院,沖縄県浦添市伊祖４－１６－１,災害拠点病院,救命救急,DMAT,NA,127.723,26.25502
780,47,沖縄県,南部,沖縄協同病院,沖縄県那覇市古波蔵4-10-55,NA,NA,DMAT,NA,127.6906,26.19604
781,47,沖縄県,南部,沖縄赤十字病院,沖縄県那覇市与儀１－３－１,災害拠点病院,NA,DMAT,NA,127.6923,26.20698
782,47,沖縄県,南部,県立南部医療センタ－・こども医療センタ－,沖縄県南風原町字新川１１８－１,災害拠点病院,救命救急,DMAT,NA,127.7237,26.20595
783,47,沖縄県,南部,豊見城中央病院,沖縄県豊見城市字上田25,災害拠点病院,NA,DMAT,NA,127.6772,26.1755
784,47,沖縄県,南部,那覇市立病院,沖縄県那覇市古島2-31-1,NA,NA,DMAT,NA,127.7098,26.22671
785,47,沖縄県,南部,南部徳洲会病院,沖縄県八重瀬町字外間171-1,NA,NA,DMAT,NA,127.7157,26.17838
786,47,沖縄県,南部,琉球大学医学部附属病院,沖縄県中頭郡西原町字上原207,NA,NA,DMAT,NA,127.7598,26.24189
787,47,沖縄県,宮古,県立宮古病院,沖縄県宮古島市平良下里４２７－１,災害拠点病院,NA,DMAT,NA,125.2763,24.79934
788,47,沖縄県,八重山,県立八重山病院,沖縄県石垣市字大川７３２,災害拠点病院,NA,DMAT,NA,124.1656,24.35007